,RAMO_POLIZA_ENDOSO,ASEGURADO,FECHA EMISION,VIGENCIA DESDE,VIGENCIA HASTA,RENOVADA POR,RENUEVA A,CODIGO DE MONEDA,CODIGO DE FACTURACION,CODIGO DE EMISION (MONEDA),%  RECARGO FINANCIERO,%  I.V.A.,%  BONIFICACION TECNICA,CODIGO DE RAMO/SUBRAMOS,SUMA ASEGURADA,PRIMA NETA,DERECHO DE POLIZA/ENDOSO,RECARGO FINANCIERO,I.V.A.,BONIFICACION,BONIFICACION REC.FIN.,BONIFICACION TECNICA,PRIMA (SOLO P/ENDOSO DE REC.FIN),PRIMA TOTAL,CODIGO DE PLAN DE PAGO,COMISION NORMAL,ENDOSO QUE MODIFICA,ACREEDOR PRENDARIO,MARCA DE ANULACION AUTOMATICA,TIPO DE ENDOSOS ASOCIADOS,ENDOSOS ASOCIADOS,FECHA DE REHABILITACION,NUMERO DE SINIESTRO,CODIGO DE SUCURSAL,CODIGO DE OPERACION (COAS),POL/END EN COAS RECIBIDO U OTORGADO,COMPANIA PILOTO,TURISTAS,CAMBIO DE MONEDA,SUMA ASEGURADA         M.E.,DERECHO DE POLIZA/END  M.E.,RECARGO FINANCIERO     M.E.,I.V.A. M.E.,BONIFICACION REC.FIN.  M.E.,BONIFICACION TECNICA   M.E.,PRIMA TOTAL            M.E.,USUARIO QUE EMITE,RENOVACION AUTOMATICA,DIAS DE PERIODO DE GRACIA DEL AGENTE,AUT. EN DIAS DE PERIODO DE GRACIA,% DESC X PERIODO DE GRACIA,DESCTO. PERIODO DE GRACIA,POLITICAS DE BONO A PROMOTOR,MARCA DE DEDUCIBLE ADMINISTRATIVO,PLAN PISO,USUARIO DE QBC,C.P. ASEGURADO,COD. EDO Y GRUPO C.P.,"TIPO DE NEGOCIO (I,FL,C,NE,NF>"
0,048650100400129475,0027202054,20452,20429,20712,,,00,1,1,-480,1600,1500,0402,-722000001,2228524,0,106969,373679,,,393269,,2709172,C,800ý200,214615,,S,201,,,,865,1,,009,,,,0,,,,,,JENIEVES-AUT,,14,,200,-44570,S,,,,42420,13ý21,
0,040190184500000000,0017280804,20204,20216,20582,3320010068,0190168195,00,1,1,240,1600,4327,0401,834700000,397271,55000,9535,73889,0,0,257888,,535695,S,1000,,,,,,,230899445,019,1,,,,,,,,,,,,WSDS11251ý21690ýPRINCIPAL,,14,,200,7945,,,,,32340,08ý02,
0,040860609000000000,0026360810,20658,20710,21075,,0860560566,00,1,1,240,1600,4215,0401,1031600000,878026,60000,21073,153456,0,0,591641,,1112555,S,1000,,,,,,,,086,1,,,,,,,,,,,,WSDS11251ý21690ýPRINCIPAL,,14,,200,17561,,,,,82165,25ý01,
0,040190184600000000,0024118585,20205,20224,20590,,0190168820,00,1,1,-200,1600,3000,0401,617000001,370605,55000,-7412,66911,0,0,139922,,485104,C,1000,000000,,,203,254433,,,019,1,,009,,,,,,,,,,SHINOJOSA2,,14,,200,7412,,,,,01700,09ý03,
0,040860609100000000,0029128201,20658,20658,20841,,,00,1,1,-300,1600,3000,0402,666000001,367044,60000,-11011,66565,0,0,157305,,482598,C,800,000000,,,,,,,086,1,,009,,,,,,,,,,OBARRON,,07,,300,11011,,,,,34290,,
0,040830320500158191,0017541372,20000,20000,20240,,,00,1,1,440,1600,6414,0401,743490001,574825,40000,25292,102419,0,0,978984,,742536,S,1000,000000,,,201,,,,083,1,,009,,,,,,,,,,NCROMAN,,30,,0,0,,,,,15700,09ý11,
0,040190184700000000,0008474337,20206,20206,20572,,,00,1,1,0,1600,5000,0401,738850001,2623771,100000,0,435803,0,0,2570827,,3159574,C,0,000000,,,,,,,019,1,,009,,,,,,,,,,CESPINO,,07,,0,0,,,,,10400,09ý08,
0,040860609200000000,0023799027,20659,20659,21024,,,00,1,1,-200,1600,4500,0401,651400001,572418,60000,-11448,99355,0,0,374183,,720325,A,1000,000000,,,203,276726,,,086,1,,009,,,,,,,,,,MEVELAZQUEZ,,14,,200,11448,,,,,82120,25ý01,
0,044054840300242506,0024532166,20165,20105,20317,,,00,2,1,0,1600,4000,0401,-820900000,-180705,-21000,0,-32270,,,-103355,,-233975,C,1000ý200,164525,,S,202,,,,096,1,,,,,,0,,,,,,AARCE2-AUT,,0,,0,0,,,,,62330,17ý01,
0,040190184800000000,0019911335,20212,20243,20609,,0190168772,00,1,1,-200,1600,3500,0401,656155001,689115,55000,-13782,116853,0,0,347305,,847186,C,1100,000000,,,203,206477,,,019,1,,009,,,,,,,,,,MBERNALS,,14,,200,13782,,,,,36520,11ý03,
0,040860609300000000,0030539980,20659,20659,21024,,,00,1,1,480,1600,4500,0401,936200000,776344,60000,37265,139777,0,0,581181,,1013386,T,1000,,,,,,,,086,1,,,,,,,,,,,,WSDS11251ý21690ýPRINCIPAL,,14,,200,15527,,,,,82805,25ý01,
0,040190184900000000,0027609687,20213,20213,20396,,,00,1,1,0,1600,500,0401,941415001,219989,55000,0,43998,0,0,11578,,318987,C,1000,000000,,,,,,,019,1,,009,,,,,,,,,,EJERONIMO,,03,,0,0,,,,,05010,09ý09,
0,040860609400000000,0025892693,20660,20683,21048,,0860560233,00,1,1,0,1600,,0402,350000001,175274,12000,0,29964,0,0,0,,217238,C,800,000000,,,203,247326,,,086,1,,009,,,,,,,,,,GLIZARRAGA,,14,,,0,,,,,82150,25ý01,
0,040190185000000000,0019366930,20217,20217,20583,0190199686,,00,1,1,0,1600,,0401,2034770001,1470557,55000,0,244089,0,0,0,,1769646,C,1000,000000,,,,,,,019,1,,009,,,,,,,,,,SHINOJOSA2,,03,,200,,,,,,42820,13ý02,
0,044055242800130365,0027969535,20361,20273,20454,,,00,1,1,0,1600,6072,0401,2140200000,300962,42000,,54874,,,431505,,397836,MV,0,267578,,,201,,,,008,1,,,,,,0,,,,,,EGUEVARA-AUT,,30,,0,0,,,,,65600,19ý21,
0,043290704800259114,0029954577,20642,20594,20959,,3290569344,00,2,1,-515,1600,1270.6,0406,-783350000,-774742,-75000,-39899,-142343,0,0,-108400,,-1031984,M,,000000,,,203,,,,329,1,,,,,,0,0,0,,0,0,CANCELA-AUT,,30,,,0,,,,,44720,14ý01,
0,040860609500000000,0026158220,20660,20663,21028,,,00,1,1,-200,1600,4200,0401,675300001,1407738,60000,-28155,230333,0,0,971595,,1669916,C,1000,000000,,,,,,,086,1,,009,,,,,,,,,,GLIZARRAGA,,14,,200,28155,,,,,82020,25ý01,
0,048330101800236545,0022692986,20222,20190,20556,,,00,2,1,200,1600,4283.1887,0402,-1073500000,-891027,-55000,17821,-148513,,,-624608,,-1076719,C,800,000000,,S,203,,,,833,1,,,,,,0,,,,,,CANCELA-AUT,,14,,200,17821,,,,HEC_P-101635,37330,11ý04,
0,044055358200253714,0028496005,20541,20513,20820,,,00,2,1,0,1600,5299,0401,-2162950000,-1054130,-35000,0,-174260,,,-1146780,,-1263390,C,0,129865,,S,202,,,,008,1,,,,,,0,,,,,,VISILVA2-AUT,,0,,0,0,,,,HEC_P-105510,65600,19ý21,
0,041320040900133960,0024290853,20546,20528,20620,,,00,1,1,640,1600,3000,0401,779350000,98775,0,6321,16815,,,34725,,121911,M,1000,272575,,,201,,,,132,1,,,,,,0,,,,,,YSOLORIO-AUT,,0,,200,7902,,,,,54935,15ý03,
0,040190185100000000,0027643210,20219,20219,20585,0190200714,,00,1,1,-200,1600,3000,0401,872400000,1098466,55000,-21969,181040,0,0,451862,,1312537,C,1000ý200,,,,,,,,019,1,,,,,,,,,,,,WSDS11251ý21690ýPRINCIPAL,,14,,200,21969,,,,,09800,09ý07,
0,040860609600000000,0024757825,20661,20661,21026,,,00,1,1,0,1600,,0401,360000001,212185,12000,0,35870,0,0,0,,260055,C,1000,000000,,,,,,,086,1,,009,,,,,,,,,,GLIZARRAGA,,14,,,0,,,,,82139,25ý01,
0,040860609700000000,0026241272,20662,20682,21047,,0860555991,00,1,1,-200,1600,4500,0401,1118400000,597234,60000,-11945,103246,0,0,445283,,748535,A,1100,,,,,,,,086,1,,,,,,,,,,,,WSDS11251ý21690ýPRINCIPAL,,14,,200,11945,,,,,09640,09ý07,
0,040190185300000000,0008474337,20224,20262,20628,7080024346,0190168458,00,1,1,0,1600,6500,0401,679700001,1305480,100000,0,224877,0,0,1867217,,1630357,C,0,000000,,,,,,231676590ý240055650,019,1,,009,,,,,,,,,,CESPINO,,07,,0,0,,,,,10400,09ý08,
0,040860609800000000,0004811834,20662,20662,21027,,,00,1,1,240,1600,1000,0402,720500001,1007190,60000,24173,174618,0,0,86332,,1265981,S,800,000000,,,,,,,086,1,,009,,,,,,,,,,DMOBLEY,,14,,200,20144,,,,,82099,,
0,040190185400000000,0015411535,20224,20224,20590,,,00,1,1,0,1600,5500,0401,1569660000,585678,70000,0,104908,0,0,518604,,760586,C,0,,,,203,246770,,,019,1,,,,,,,,,,,,WSDS11251ý21690ýPRINCIPAL,,14,,0,0,,,,,54680,15ý21,
0,040860609900000000,0012289818,20665,20662,21027,,,00,1,1,240,1600,4000,0402,740000001,1496167,60000,35908,254732,0,0,997445,,1846807,S,800,000000,,,,,,,086,1,,009,,,,,,,,,,MEVELAZQUEZ,,14,,200,29923,,,,,82190,25ý01,
0,040830328600157988,0026380990,19988,19986,20351,,,00,1,1,240,1600,4500,0401,,,,15434,2469,,0,,350776,17903,S,1100,000000,,,301,,,,083,1,,009,,,,,,,,,,ABGODINEZ,,14,,200,7016,,,,,14230,09ý08,
0,040190185600000000,0024052564,20228,20228,20594,,,00,1,1,480,1600,,0402,718000001,1170527,55000,56185,205074,0,0,0,,1486786,T,800,000000,,,203ý201ý202,292039ý116939ý268987,,,019,1,,009,,,,,,,,,,MFVILLEGAS,,14,,200,23411,,,,,42760,,
0,040860610100000000,0028038441,20666,20650,21015,,,00,1,1,480,1600,4200,0401,658100001,722670,60000,17344,128002,0,0,484933,,928016,T,1000,000000,,,101ý301,363896ý162339,,,086,1,,009,,,,,,,,,,GLIZARRAGA,,14,,200,14453,,,,,82204,25ý01,
0,040190185700000000,0024100534,20231,20289,20655,,0190171812,00,1,1,-200,1600,4500,0402,756800000,718588,55000,-14372,121475,0,0,551837,,880691,C,800,,,,203,278174,,,019,1,,,,,,,,,,,,WSDS11251ý21690ýPRINCIPAL,,14,,200,14372,,,,,72820,21ý01,
0,040004188000254812,0025751083,19942,19843,20209,,,00,2,1,0,1600,6541,0401,-1658400000,-385519,-50000,0,-69683,,,-649758,,-505202,C,1100,000000,,S,203,,,,008,1,,,,,,0,,,,,,CANCELA-AUT,,30,,0,0,,,,,03920,09ý05,
0,040860610200000000,0019933161,20667,20696,21061,,0860561574,00,1,1,-200,1600,210,0402,906600000,1140751,60000,-22815,188470,0,0,23333,,1366406,C,800,,,,,,,,086,1,,,,,,,,,,,,WSDS11251ý21690ýPRINCIPAL,,14,,200,22815,,,,,23470,03ý02,
0,040860610300000000,0023705541,20667,20691,21056,,0860556976,00,1,1,-200,1600,5000,0402,80000001,2686344,60000,-53727,430819,0,0,2686345,,3123436,C,800,000000,,,,,,,086,1,,009,,,,,,,,,,MEVELAZQUEZ,,14,,200,53727,,,,,81101,,
0,043290614100110632,0028360641,20436,20364,20730,,,00,1,1,0,1600,3000,0401,1368600000,977763,70000,,167642,,,398874,,1215405,C,0,287420,,,201,,,,329,1,,,,,,0,0,0,,0,0,AARREDONDO-AUT,,30,,,0,,,,,11270,09ý02,
0,040190185900000000,0024400101,20234,20276,20642,,0190168975,00,1,1,240,1600,3500,0401,626860001,507004,55000,12168,91868,0,0,249245,,666040,S,1000,000000,,,203,241797,,,019,1,,009,,,,,,,,,,SHINOJOSA2,,14,,200,10140,,,,,78399,24ý01,
0,041290501000241258,0029703703,20599,20580,20945,,,00,2,1,200,1600,2000,0401,-936900000,-817632,-75000,16353,-140205,,,-171693,,-1016484,C,1100,000000,,S,203,,,,129,1,,,,,,0,,,,,,IRAMIREZ-AUT,,14,,200,16353,,,,,98920,32ý21,
0,040860610400000000,0020639052,20668,20671,21036,,0860558887,00,1,1,0,1600,,0402,360856001,248477,12000,0,41676,0,0,0,,302153,C,800,000000,,,,,,,086,1,,009,,,,,,,,,,CLMORALES,,14,,,0,,,,,82180,25ý01,
0,040450020800277727,0023657781,20148,20124,20489,,,00,2,1,300,1600,4386.167,0401,-976600000,-495112,-55000,14853,-85641,,,-345585,,-620900,C,0,000000,,S,203,,,,045,1,,,,,,0,,,,,,CANCELA-AUT,,03,,300,14853,,,,ALA_P-104220,92709,30ý21,
0,040190186000000000,0013618568,20235,20235,20601,0190200410,,00,1,1,0,1600,5500,0401,621462501,419153,55000,0,75864,0,0,425527,,550017,C,1000,000000,,,,,,,019,1,,009,,,,,,,,,,EJERONIMO,,30,,0,0,,,,,07550,09ý06,
0,040860610500000000,0030633553,20668,20690,21055,,,00,1,1,-200,1600,4000,0401,999300000,698505,60000,-13970,119126,0,0,430336,,863661,C,1100ý200,,,,203,299898,,,086,1,,,,,,,,,,,,WSDSWEB,,14,,200,13970,,,,,37536,11ý04,
0,040190186100000000,0017906159,20239,20249,20615,,0190168253,00,1,1,480,1600,2196,0402,718000001,870074,55000,41764,154694,0,0,210297,,1121532,T,800,000000,,,,,,231017115ý240114642,019,1,,009,,,,,,,,,,MFVILLEGAS,,14,,200,17401,,,,,54434,,
0,040810280400210808,0030247451,20634,20636,21001,,,00,2,1,200,1600,4000,0401,-1142300000,-879480,-60000,17590,-147502,,,-550986,,-1069392,C,1000,000000,,S,203,,,,081,1,,,,,,0,,,,,,GEARMENTA-AUT,,14,,200,17590,,,,,31207,08ý01,
0,040860610600000000,0022697482,20669,20719,21084,,0860560333,00,1,1,0,1600,,0402,350000001,175274,12000,0,29964,0,0,0,,217238,C,800,000000,,,203,289945,,,086,1,,009,,,,,,,,,,MEVELAZQUEZ2,,14,,,0,,,,,82620,25ý01,
0,040860610700000000,0024490717,20671,20671,21036,,0860558542,00,1,1,240,1600,5902,0401,842100000,671141,60000,16107,119560,0,0,890256,,866808,S,1000,,,,,,,,086,1,,,,,,,,,,,,WSDS11251ý21690ýPRINCIPAL,,14,,200,13423,,,,,82180,25ý01,
0,040190186200000000,0024841207,20241,20241,20607,0190202172,0190169919,00,1,1,840,1600,4200,0401,470700001,506380,55000,42536,96627,0,0,328349,,700543,M,1000,000000,,,,,,231439851ý240485082ý240611382,019,1,,009,,,,,,,,,,ICANTOR,,30,,0,0,,,,,11000,09ý02,
0,040860610800000000,0028288737,20674,20696,21061,,0860561617,00,1,1,-200,1600,1706,0401,903100000,1284377,60000,-25688,210990,0,0,253283,,1529679,C,1000ý200,,,,,,,,086,1,,,,,,,,,,,,WSDS11251ý21690ýPRINCIPAL,,14,,200,25688,,,,,82013,25ý01,
0,040190186300000000,0020181997,20245,20288,20654,0190203694,0190170142,00,1,1,-200,1600,4500,0401,676680001,534666,55000,-10693,92636,0,0,401355,,671609,C,1000,000000,,,,,,231275891,019,1,,009,,,,,,,,,,MBERNALS,,14,,200,10693,,,,,20296,01ý01,
0,043190489300214045,0020845795,20089,20041,20406,,,00,2,1,0,1600,5500,0401,-1153700000,-498021,-70000,0,-90883,0,0,-557603,,-658904,C,1500,000000,,,203,,,,319,1,,,,,,0,0,0,,0,0,CANCELA-AUT,,30,,0,0,,,,,54880,15ý21,
0,040830372700262186,0026766147,20428,20427,20793,,,00,2,1,0,1600,2700,0401,-2047199901,-2332548,-55000,0,-382008,,,-847221,,-2769556,C,1000,000000,,S,203,,,,083,1,,009,,,,0,,,,,,MANALBA-AUT,,14,,0,0,,,,,76177,,
0,040860610900000000,0030665964,20676,20676,21041,,,00,1,1,-200,1600,4500,0401,1138000000,715479,60000,-14310,121787,0,0,531382,,882956,C,1000,,,,,,,,086,1,,,,,,,,,,,,WSDS11251ý21690ýPRINCIPAL,,14,,200,14310,,,,,82127,25ý01,
0,040190186400000000,0008474337,20245,20286,20652,7080025240,0190169374,00,1,1,0,1600,6500,0401,630000001,449047,100000,0,87848,0,0,735618,,636895,C,0,000000,,,101,376665,,,019,1,,009,,,,,,,,,,CESPINO,,07,,0,0,,,,,10400,09ý08,
0,048990190100155781,0020081237,19910,20016,20198,,,00,1,1,240,1600,5000,0402,803500000,642841,0,15428,105323,,,621941,,763592,S,1080,214957,,,201,,,,899,1,,,,,,0,,,,,,LUIGUADARRAMA-AUT,,0,,200,25714,,,,,45403,14ý01,
0,040004315700171444,0020648945,20148,20058,20606,,,00,1,1,0,1600,5903,0401,769200001,998730,0,,159804,,,,,1158534,MS,1500,296349,,,201,,,,007,1,,009,,,,0,,,,,,JLPECH-AUT,,0,,0,0,,,,,05349,21ý01,
0,040190186500000000,0027784935,20245,20245,20611,,,00,1,1,240,1600,0,0401,951600000,912231,55000,21894,158260,0,0,0,,1147385,S,1100,,,,203ý201,283190ý157846,,,019,1,,,,,,,,,,,,WSDS11251ý21690ýPRINCIPAL,,14,,200,18245,,,,,76146,22ý01,
0,040860611000000000,0025404376,20677,20678,20861,, ,00,1,1,0,1600,4000,0402,1538560001,330236,60000,0,62438,0,0,220158,,452674,C,800,000000,,,,,,,086,1,,009,,,,,,,,,,JROMAN,,14,,200,,,,,,82270,,
0,040860611100000000,0023175635,20679,20679,21044,, ,00,1,1,0,1600,,0401,360000001,212185,12000,0,35870,0,0,0,,260055,C,0,000000,,,,,,,086,1,,009,,,,,,,,,,LAMENA,,3,,,0,,,,,82127,,
0,040780636600160878,0022717955,20226,20187,20553,,,00,1,1,-200,1600,4500,0402,653400001,1483532,55000,-29671,241418,,,1166869,,1750279,C,800,249516,,,201,,,,078,1,,009,,,,0,,,,,,BREORTIZ-AUT,,14,,200,29671,,,,,52172,15ý01,
0,040190186600000000,0027797091,20247,20247,20613,0190201506,,00,1,1,-200,1600,4500,0401,510680001,607760,55000,-12155,104097,0,0,453939,,754702,C,1000ý200,000000,,,,,,,019,1,,009,,,,,,,,,,EJERONIMO,,14,,200,12155,S,,,,03910,09ý05,
0,040790189900280917,0024973721,20250,20230,20506,,,00,2,1,-380,0800,,0404,-631593026,-713289,0,-27105,-59232,,,0,,-799626,C,,000000,,S,203,,,,079,1,,009,,,,0,,,,,,CANCELA-AUT,,3,,300,28532,,,,,32575,08ý02,
0,040190186700000000,0024272919,20249,20249,20615,,,00,1,1,-200,1600,1500,0406,741400000,207213,55000,-4144,41291,0,0,31258,,299360,C,1000,,,,203,236211,,,019,1,,,,,,,,,,,,WSDS11251ý21690ýPRINCIPAL,,14,,200,4144,,,,,76810,22ý02,
0,040860611200000000,0030692725,20680,20679,21044,, ,00,1,1,0,1600,,0402,360856001,248477,12000,0,41676,0,0,0,,302153,C,800,000000,,,,,,,086,1,,009,,,,,,,,,,JROMAN,,14,,,0,,,,,82124,,
0,040190186800000000,0027822346,20253,20253,20619,,,00,1,1,-200,1600,2500,0401,951200000,541933,55000,-10839,93775,0,0,165938,,679869,C,1100,,,,101ý201ý202ý201ý202,372385ý117821ý261531ý134455ý228773,,231730044,019,1,,,,,,,,,,,,WSDS11251ý21690ýPRINCIPAL,,10,,200,10839,,,,,32599,08ý02,
0,040860611300000000,0030703668,20681,20681,21046,,,00,1,1,-200,1600,3500,0401,1738740000,1565759,60000,-31315,255111,0,0,814562,,1849555,C,1100,,,,,,,,086,1,,,,,,,,,,,,WSDS11251ý21690ýPRINCIPAL,,14,,200,31315,,,,,82043,25ý01,
0,040190186900000000,0027835358,20255,20255,20621,,,00,1,1,480,1600,3500,0401,966700000,726256,55000,34860,130579,0,0,367303,,946695,T,1000ý200,,,,203,213425,,,019,1,,,,,,,,,,,,WSDS11251ý21690ýPRINCIPAL,,14,,200,14525,,,,,62080,17ý01,
0,046070001300295041,0024492921,19956,19934,20299,,,00,2,1,-380,1600,2567.5252,0401,-765300000,-713198,-55000,-27102,-127248,,,-228132,,-922548,C,0,000000,,S,203,,,,607,1,,,,,,0,,,,,,CANCELA-AUT,,03,,300,21396,,,,ALA_P-104220,86800,27ý21,
0,040860611400000000,0030705052,20682,20682,21047,,,00,1,1,480,1600,4000,0401,984600000,1202170,60000,57704,211180,0,0,766113,,1531054,T,1000,,,,,,,,086,1,,,,,,,,,,,,WSDS11251ý21690ýPRINCIPAL,,14,,200,24043,,,,,82136,25ý01,
0,041310115500114907,0024370022,20183,20091,20272,,,00,1,1,540,0800,0,0406,754000000,200820,0,10842,16932,,,,,228594,M,,260487,,,201,,,,131,1,,,,,,0,,,,,,MVRAMIREZ-AUT,,0,,300,12049,,,,ALA_P-104220,30779,07ý02,
0,040860611500000000,0016485077,20682,20718,21083,, ,00,1,1,-200,1600,,0406,601441801,382915,60000,-7658,69641,0,0,0,,504898,C,1000ý200,000000,,,,,,,086,1,,009,,,,,,,,,,JROMAN,,14,,200,7658,S,,,,82180,,
0,040860581100202123,0027276561,20513,20521,20886,,,00,2,1,300,1600,4297.2113,0401,-1000100000,-1152559,-55000,34577,-187677,,,-828699,,-1360659,C,0,000000,,S,203,,,,086,1,,,,,,0,,,,,,DANJIMENEZ-AUT,,03,,300,34577,,,,ALA_P-104220,82110,25ý01,
0,040190187000000000,0020259313,20256,20301,20667,0190203574,0190170004,00,1,1,-200,1600,3600,0402,631280001,1094331,55000,-21887,180391,0,0,578335,,1307835,C,800ý200,000000,,,,,,231616034,019,1,,009,,,,,,,,,,MBERNALS,,14,,200,21887,S,,,,15900,09ý11,
0,040190187100000000,0027862739,20259,20259,20625,0190201848,,00,1,1,-200,1600,4500,0401,905800000,544250,55000,-10885,94138,0,0,409196,,682503,C,1000,,,,,,,231759043,019,1,,,,,,,,,,,,WSDS11251ý21690ýPRINCIPAL,,14,,200,10885,,,,,03020,09ý05,
0,040860611600000000,0029411542,20683,20682,21047,, ,00,1,1,-200,1600,4500,0401,641000001,488838,60000,-9777,86250,0,0,356595,,625311,C,1000,000000,,,101,364025,,,086,1,,009,,,,,,,,,,GLIZARRAGA,,14,,200,9777,,,,,82000,,
0,040190187200000000,0009198335,20261,20265,20631,0190202038,0190169666,00,1,1,-200,1600,4500,0402,673040001,688885,55000,-13778,116817,0,0,500707,,846924,C,800ý200,000000,,,,,,,019,1,,009,,,,,,,,,,EJERONIMO,,14,,200,13778,S,,,,04369,09ý04,
0,040860611700000000,0024044347,20683,20727,21092,,0860561680,00,1,1,240,1600,4500,0401,965700000,779892,60000,18717,137377,0,0,584083,,995986,S,1000,,,,,,,,086,1,,,,,,,,,,,,WSDS11251ý21690ýPRINCIPAL,,14,,200,15598,,,,,82136,25ý01,
0,048650104600275164,0028649668,20408,20395,20761,,,00,2,1,200,1600,0,0406,-887400000,-512788,-55000,10256,-89205,,,0,,-646737,C,1000ý200,000000,,S,203,,,,865,1,,,,,,0,,,,,,GABRAMOS-AUT,,14,,200,10256,,,,,38090,11ý01,
0,040860611800000000,0030732512,20684,20679,21044,, ,00,1,1,-200,1600,5431,0401,666200001,814290,60000,-16286,137281,0,0,766114,,995285,A,1000,000000,,,203,210359,,,086,1,,009,,,,,,,,,,MEVELAZQUEZ,,14,,200,16286,,,,,82134,,
0,048860010800180198,0024172015,19933,19863,20228,,,00,1,1,540,1600,4651.7606,0402,1262700000,563840,52000,30447,103406,,,446785,,749693,M,0,273622,,,201,,,,886,1,,,,,,0,,,,,,MARMUNOZ-AUT,,03,,300,16915,,,,HEC_P-103155,99050,32ý01,
0,040190187300000000,0020139620,20262,20299,20665,0190203355,0190170312,00,1,1,-200,1600,2000,0402,857280001,12383750,55000,-247675,1950572,0,0,2931468,,14141647,C,880ý200,000000,,,,,,,019,1,,009,,,,,,,,,,CESPINO,,14,,200,247675,S,,,,09040,09ý07,
0,047160272000244231,0025932718,19942,19907,20272,,,00,2,1,200,1600,0,0401,-915900000,-1037174,-55000,20743,-171429,,,0,,-1242860,C,1100,000000,,S,203,,,,716,1,,,,,,0,,,,,,CANCELA-AUT,,14,,200,20743,,,,,03510,09ý05,
0,040860611900000000,0014323427,20686,20704,21069,,0860557622,00,1,1,-200,1600,5294,0402,778100000,1188896,60000,-23778,196019,0,0,1277822,,1421137,C,800ý200,,,,,,,,086,1,,,,,,,,,,,,WSDS11251ý21690ýPRINCIPAL,,14,,200,23778,,,,,82070,25ý01,
0,040190187400000000,0027898563,20263,20266,20632,,,00,1,1,-300,1600,3500,0401,881400000,398793,55000,-11964,70693,0,0,190978,,512522,C,1100,,,,101,372452,,240788790,019,1,,,,,,,,,,,,WSDS11251ý21690ýPRINCIPAL,,03,,300,11964,,,,,62028,17ý01,
0,040190187500000000,0008474337,20266,20266,20632,7080024458,,00,1,1,0,1600,5500,0401,652950001,683172,100000,0,125308,0,0,770278,,908480,C,0,000000,,,101,376727,,,019,1,,009,,,,,,,,,,CESPINO,,07,,0,0,,,,,10400,09ý08,
0,040860612000000000,0026430318,20686,20728,21093,, ,00,1,1,-200,1600,3500,0401,665200001,1174255,60000,-23485,193723,0,0,603753,,1404493,A,1100,000000,,,202,246027,,,086,1,,009,,,,,,,,,,OBARRON,,14,,200,23485,,,,,82128,,
0,040860612100000000,0016549994,20687,20728,21093,,0860564966,00,1,1,240,1600,4500,0401,906200000,800195,60000,19205,140704,0,0,611342,,1020104,S,1000,,,,,,,,086,1,,,,,,,,,,,,WSDS11251ý21690ýPRINCIPAL,,14,,200,16004,,,,,82180,25ý01,
0,040190187600000000,0027936517,20268,20268,20634,3190742383,,00,1,1,380,1600,0,0401,949100000,650555,55000,24721,116844,0,0,0,,847120,T,1100,,,,203ý201ý202ý201,282579ý157742ý262077ý148459,,,019,1,,,,,,,,,,,,WSDS11251ý21690ýPRINCIPAL,,03,,300,19517,,,,,72700,21ý21,
0,040190187700000000,0020102165,20270,20276,20642,,,00,1,1,-200,1600,5300,0401,636100001,497841,55000,-9957,86861,0,0,511642,,629745,C,1100,000000,,,,,,,019,1,,009,,,,,,,,,,JESANGELES,,14,,200,9957,,,,,52775,15ý02,
0,040860612200000000,0030765785,20688,20727,21092,,,00,1,1,480,1600,4500,0401,1308500000,2141088,60000,102772,368618,0,0,1708435,,2672478,T,1000ý200,,,,,,,,086,1,,,,,,,,,,,,WSDS11251ý21690ýPRINCIPAL,,14,,200,42822,,,,,82124,25ý01,
0,040190187800000000,0008474337,20270,20308,20674,7080025361,0190171115,00,1,1,0,1600,6500,0401,644000001,554552,100000,0,104728,0,0,931556,,759280,C,0,000000,,,101,376780,,,019,1,,009,,,,,,,,,,CESPINO,,07,,0,0,,,,,10400,09ý08,
0,040640553700187116,0008733636,19986,19982,20129,,,00,1,1,0,1600,5969,0402,1538098002,734722,80000,0,130356,0,0,1038100,,945078,ST,1300,000000,,,201,,,,064,1,,009,,,,,,,,,,EPUGA,,30,,0,0,,,,,64520,19ý01,
0,040190187900000000,0008474337,20270,20302,20668,7080025424,0190172235,00,1,1,0,1600,5500,0401,647400001,962626,100000,0,170020,0,0,1111833,,1232646,C,0,000000,,,101,376820,,240921545,019,1,,009,,,,,,,,,,CESPINO,,07,,0,0,,,,,10400,09ý08,
0,040860612400000000,0030779109,20689,20690,20780,,,01,1,2,0,0,0,0407,0,256712,27948,0,0,0,0,0,0,284660,C,2500,,,,,,,,086,1,,,,186320,,1500,0,0,0,0,15278,WSDS11251ý21690ýPRINCIPAL,,3,,,0,,,,,82110,,
0,040004144500112736,0019791149,20086,20045,20137,,,00,1,1,480,1600,4000,0402,722000000,295665,0,14192,49577,,,183510,,359434,T,880,234787,,,201,,,,008,1,,,,,,0,,,,,,FEMALDONADO-AUT,,0,,200,23653,,,,,54330,15ý22,
0,040004472500164741,0022043270,20296,20296,20607,,,00,1,1,0,1600,3961,0401,832702701,798401,52000,0,136064,0,0,494166,,986465,C,1500,000000,,,201,,,,007,1,,009,,,,,,,,,,DANISANCHEZ,,30,,0,0,,,,,01900,09ý03,
0,040190188000000000,0020010301,20273,20273,20639,0190203338,0190170898,00,1,1,0,1600,500,0401,1486050001,546549,55000,0,96248,0,0,28766,,697797,C,1000,000000,,,,,,231019198,019,1,,009,,,,,,,,,,EJERONIMO,,03,,0,0,,,,,05260,09ý09,
0,040860612500000000,0024732017,20689,20725,21090,,0860561452,00,1,1,640,1600,5570,0402,1196600000,1433658,60000,91754,253666,0,0,1735952,,1839078,M,880,,,,,,,,086,1,,,,,,,,,,,,WSDS11251ý21690ýPRINCIPAL,,14,,200,28673,,,,,82400,25ý01,
0,040940353400230975,0025683922,20196,20203,20569,,,00,2,1,200,1600,0,0401,-1198050000,-667194,-55000,13344,-113416,,,0,,-822266,C,1000,000000,,S,203,,,,094,1,,,,,,0,,,,,,DCOLUNGA-AUT,,14,,200,13344,,,,,72760,21ý01,
0,040190188100000000,0024841207,20275,20275,20641,0190203612,,00,1,1,840,1600,4200,0401,472000001,507370,55000,42619,96798,0,0,329066,,701787,M,1000,000000,,,,,,,019,1,,009,,,,,,,,,,ICANTOR,,30,,0,0,,,,,11000,09ý02,
0,040750372900235919,0011658827,20656,20636,21001,,,00,2,1,300,1600,0,0401,-788840400,-669451,-60000,20084,-113499,,,0,,-822866,C,0,000000,,S,203,,,,075,1,,,,,,0,,,,,,CANCELA-AUT,,03,,300,20084,,,,,25020,05ý03,
0,040860612600000000,0030786676,20690,20688,21053,,,00,1,1,-200,1600,4500,0402,793100001,3176703,60000,-63534,507707,0,0,2235439,,3680876,C,800,000000,,,,,,241324409,086,1,,009,,,,,,,,,,JENLIZARRAGA,,14,,200,63534,,,,,23410,03ý02,
0,043190434100215591,0025662399,20040,19994,20175,,,00,2,1,0,1600,6764,0401,-2489275000,-227676,0,0,-36426,,,-432216,,-264102,C,1500,000000,,S,203,,,,319,1,,,,,,0,,,,,,CANCELA-AUT,,30,,0,0,,,,,11650,09ý02,
0,040190188200000000,0027994700,20277,20277,20643,,,00,1,1,-200,1600,4500,0402,997600000,926281,55000,-18526,154041,0,0,721768,,1116796,C,880ý200,,,,203,259587,,,019,1,,,,,,,,,,,,WSDS11251ý21690ýPRINCIPAL,,14,,200,18526,,,,,33000,08ý04,
0,040860612700000000,0030042900,20690,20689,21054,,,00,1,1,-200,1600,2000,0402,202235001,10915614,60000,-218312,1721168,0,0,2728904,,12478470,C,880,000000,,,101,364177,,,086,1,,009,,,,,,,,,,OBARRON,,14,,200,218312,,,,,23060,,
0,048990188700155877,0019364981,19910,19990,20171,,,00,1,1,680,1600,4000,0402,962880001,5874728,0,399482,1003874,,,,,7278084,T,1080,215062,,,201,,,,899,1,,009,,,,0,,,,,,LUIGUADARRAMA-AUT,,0,,0,0,,,,,78430,24ý01,
0,040190188300000000,0026229147,20280,20312,20678,,0190172784,00,1,1,640,1600,3814,0401,1126800000,402742,55000,25775,77363,0,0,221109,,560880,MD,1100ý200,,,,203,217417,,,019,1,,,,,,,,,,,,WSDS11251ý21690ýPRINCIPAL,,14,,200,8055,,,,,62214,17ý01,
0,040860612800000000,0028369987,20693,20710,21075,,0860563107,00,1,1,-200,1600,4000,0401,637800001,983658,60000,-19673,163838,0,0,620438,,1187823,C,1000,000000,,,101,364176,,,086,1,,009,,,,,,,,,,OBARRON,,14,,200,19673,,,,,87360,28ý03,
0,044055555600251833,0029220420,20523,20485,20851,,,00,2,1,-480,1600,4000,0401,-854900000,-519121,-55000,-24918,-95846,,,-316667,,-694885,C,0,000000,,S,203,,,,102,1,,,,,,0,,,,,,CANCELA-AUT,,14,,200,10382,,,,,91096,30ý02,
0,040190188400000000,0022281906,20281,20283,20649,7080027232,0190171506,00,1,1,0,1600,5500,0401,772000000,264513,70000,0,53522,0,0,258584,,388035,C,0,,,,101,377906,,,019,1,,,,,,,,,,,,WSDS11251ý21690ýPRINCIPAL,,14,,0,0,,,,,09530,09ý07,
0,040860612900000000,0030821004,20694,20694,21059,,,00,1,1,0,1600,,0402,360856001,248477,12000,0,41676,0,0,0,,302153,C,800,000000,,,,,,,086,1,,009,,,,,,,,,,DMOBLEY,,14,,,0,,,,,82163,25ý01,
0,043190648100213700,0021162744,20459,20455,20821,,,00,2,1,0,1600,5750,0401,-1523800000,-683885,-42000,0,-116142,,,-865562,,-842027,C,1000,000000,,S,203,,,,319,1,,,,,,0,,,,,,HMONDRAGON-AUT,,30,,0,0,,,,FER_P-105546,03230,09ý05,
0,040190188500000000,0028029521,20283,20283,20649,0190202866,,00,1,1,-200,1600,4500,0401,1252900000,718417,55000,-14368,121448,0,0,551696,,880497,C,1100ý200,,,,,,,,019,1,,,,,,,,,,,,WSDSWEB,,14,,200,14368,,,,,91098,30ý02,
0,040190188600000000,0028041581,20285,20285,20651,,,00,1,1,-200,1600,4000,0401,1807500000,707256,55000,-14145,119698,0,0,442090,,867809,C,1100ý200,,,,203,272333,,,019,1,,,,,,,,,,,,WSDSWEB,,14,,200,14145,,,,,62768,17ý21,
0,044055185600247343,0027646766,20660,20596,20627,,,00,2,1,-420,1600,500,0405,-772606275,-44345,0,-1863,-7393,,,-2074,,-53601,C,,000000,,S,203,,,,320,1,,,,,,0,,,,,,JUROCHA-AUT,,30,,0,0,,,,,88690,28ý03,
0,040860613100000000,0018661499,20695,20759,21124,,0860559903,00,1,1,-300,1600,4235.4513,0402,985800000,895267,60000,-26858,148545,0,0,609288,,1076954,A,0,,,,,,,,086,1,,,,,,,,,,,,WSDSACHPEREZ,,03,,300,26858,,,,ALA_P-104220,82110,25ý01,
0,040860613200000000,0027749830,20695,20741,21106,,0860567146,00,1,1,-300,1600,0,0406,753900000,496133,60000,-14884,86600,0,0,0,,627849,C,,,,,,,,,086,1,,,,,,,,,,,,WSDSACHPEREZ,,03,,300,14884,,,,ALA_P-104220,82120,25ý01,
0,040190188700000000,0028048429,20288,20288,20654,3190742443,,00,1,1,-300,1600,2500,0401,868800000,867781,55000,-26033,143480,0,0,269540,,1040228,C,1100,,,,101,372580,,,019,1,,,,,,,,,,,,WSDS11251ý21690ýPRINCIPAL,,07,,300,26033,,,,,77717,23ý02,
0,040860613300000000,0028241893,20695,20702,21067,,0860562185,00,1,1,-200,1600,4914,0401,924300000,914423,60000,-18288,152982,0,0,819720,,1109117,A,1000,,,,,,,,086,1,,,,,,,,,,,,WSDS11251ý21690ýPRINCIPAL,,14,,200,18288,,,,,80050,25ý02,
0,045460060100242454,0026246111,20165,20136,20317,,,00,2,1,0,1600,2590,0401,-1510150000,-608322,0,0,-97332,,,-204936,,-705654,C,500,000000,,S,203,,,,546,1,,,,,,0,,,,,,MLNAVA-AUT,,30,,0,0,,,,,02400,09ý10,
0,040190188800000000,0028064308,20289,20289,20655,0190202454,,00,1,1,-200,1600,4500,0401,1209500000,542477,55000,-10850,93860,0,0,407745,,680487,C,1000ý200,,,,,,,240022523,019,1,,,,,,,,,,,,WSDSWEB,,14,,200,10850,,,,,62448,17ý01,
0,040004092900168664,0023086034,20308,20271,20455,,,00,1,1,0,1600,7400,0401,1623900000,351480,0,,56238,,,940800,,407718,MS,1500,267580,,,201,,,,007,1,,,,,,0,,,,,,ITCASTILLO-AUT,,0,,0,0,,,,JOR_P-103163,00000,09ý05,
0,042770284400287539,0023667499,20187,20125,20490,,,00,2,1,0,1600,4000,0401,-1249600000,-526263,-77000,0,-96522,,,-321509,,-699785,C,0,000000,,S,203,,,,277,1,,,,,,0,,,,,,CANCELA-AUT,,30,,0,0,,,,OMA_P-40761,62743,17ý02,
0,045460058500242457,0025969555,20165,20137,20257,,,00,2,1,0,1600,2400,0401,-1299402450,-157664,0,0,-25228,,,-45156,,-182892,C,500,000000,,S,203,,,,546,1,,,,,,0,,,,,,MLNAVA-AUT,,30,,0,0,,,,,55650,15ý21,
0,040190188900000000,0028072203,20291,20291,20657,3190742455,,00,1,1,140,1600,2500,0401,788550000,442006,55000,6188,80511,0,0,121599,,583705,S,1100,,,,203ý201,282062ý157578,,,019,1,,,,,,,,,,,,WSDS11251ý21690ýPRINCIPAL,,03,,300,13260,,,,,91770,30ý01,
0,040190189000000000,0028082734,20294,20294,20660,3190742463,,00,1,1,-200,1600,2500,0401,866400000,557260,55000,-11145,96178,0,0,171047,,697293,C,1100,,,,101,372609,,,019,1,,,,,,,,,,,,WSDS11251ý21690ýPRINCIPAL,,14,,200,11145,,,,,91230,30ý02,
0,040860613500000000,0026292604,20696,20696,21061,,0860558195,00,1,1,640,1600,3000,0401,652800001,764085,60000,48901,139678,0,0,297122,,1012664,M,1000ý200,000000,,,203,253086,,,086,1,,009,,,,,,,,,,OBARRON,,14,,200,15282,S,,,,82124,25ý01,
0,040860613600000000,0030850710,20696,20696,21061,,,00,1,1,240,1600,3500,0401,862425365,1144417,60000,27466,197101,0,0,587686,,1428984,S,1000,,,,,,,,086,1,,,,,,,,,,,,WSDS11251ý21690ýPRINCIPAL,,14,,200,22888,,,,,82112,25ý01,
0,040190189100000000,0027760570,20295,20295,20661,0190202132,,00,1,1,0,1600,3800,0401,650890001,918593,55000,0,155775,0,0,535967,,1129368,C,700,000000,,,101,371550,,,019,1,,009,,,,,,,,,,MBERNALS,,30,,0,0,,,,,72498,21ý01,
0,040640662800296788,0001044488,20411,20354,20720,,,00,2,1,200,1600,5795,0401,-668000001,-624065,-55000,12481,-99804,-43685,874,-799234,,-723577,C,300,000000,,S,203,,,,064,1,,009,,,,0,,,,,,CANCELA-AUT,,14,,200,12481,,,,,66023,19ý21,
0,040190189200000000,0028098392,20296,20296,20662,0190203655,,00,1,1,-200,1600,2000,0406,1040825000,1554988,55000,-31100,252622,0,0,381227,,1831510,C,1100ý200,,,,101,371580,,,019,1,,,,,,,,,,,,WSDS11251ý21690ýPRINCIPAL,,14,,200,31100,,,,,22476,02ý02,
0,044055205300247251,0027762253,20245,20241,20607,,,00,2,1,0,1600,3000,0401,-1060940000,-1254506,-75000,0,-212721,0,0,-518736,,-1542227,BC,600,000000,,,203,,,,312,1,,,,,,,,,,,,PRINCIPAL-OPL,,30,,0,0,,,,,13200,09ý13,
0,040190189300000000,0026563446,20298,20298,20664,,,00,1,1,-300,1600,0,0406,764250000,534450,55000,-16034,91747,0,0,0,,665163,C,1100,,,,101,372652,,240800670,019,1,,,,,,,,,,,,WSDS11251ý21690ýPRINCIPAL,,03,,300,16034,,,,,08900,09ý12,
0,040190189400000000,0020798386,20300,20309,20675,,,00,1,1,0,1600,5500,0401,1584300000,448377,100000,0,87740,0,0,483306,,636117,C,0,,001337,,203,226740,,,019,1,,,,,,,,,,,,WSDS11251ý21690ýPRINCIPAL,,07,,0,0,,,,,10400,09ý08,
0,040004433300259524,0020329816,20227,20170,20536,,,00,2,1,0,1600,3000,0401,-481000001,-1629485,-67000,0,-271438,0,0,-680732,,-1967923,C,500,000000,,,203,,,,008,1,,009,,,,0,0,0,,0,0,ERUBIO,,30,,0,0,,,,,52158,15ý01,
0,040750368600235594,0029428825,20575,20550,20884,,,00,2,1,-640,1600,4000,0401,-1368100000,-1483130,0,-94919,-252483,,,-961862,,-1830532,C,1000,000000,,S,203,,,,075,1,,,,,,0,,,,,,CANCELA-AUT,,14,,200,32359,,,,,25253,05ý03,
0,040004472500164746,0022043270,20296,20296,20607,,,00,1,1,0,1600,3961,0401,832702701,798401,52000,0,136064,0,0,494166,,986465,C,1500,000000,,,201,,,,007,1,,009,,,,,,,,,,DANISANCHEZ,,30,,0,0,,,,,01900,09ý03,
0,040190189500000000,0028125316,20302,20362,20728,,,00,1,1,-200,1600,3500,0401,840500000,464581,55000,-9292,81646,0,0,226402,,591935,C,1000,,,,203,267679,,,019,1,,,,,,,,,,,,WSDS11251ý21690ýPRINCIPAL,,14,,200,9292,,,,,62757,17ý02,
0,044055217600130062,0027836461,20273,20255,20454,,,00,1,1,0,1600,6072,0401,2165900000,364645,42000,,65063,,,526594,,471708,GS,0,259853,,,201,,,,008,1,,,,,,0,,,,,,AARCE2-AUT,,30,,0,0,,,,,65600,19ý21,
0,040190189600000000,0008474337,20304,20303,20669,7080025525,,00,1,1,0,1600,5000,0401,664000001,1400077,100000,0,240012,0,0,1347133,,1740089,C,0,000000,,,,,,240295660ý240941099,019,1,,009,,,,,,,,,,CESPINO,,07,,0,0,,,,,10400,09ý08,
0,046330052800201638,0018369259,20236,20219,20403,,,00,2,1,-380,1600,4700,0401,-627750001,-181118,0,-6882,-30080,,,0,,-218080,C,0,000000,,S,203,,,,633,1,,009,,,,0,,,,,,CANCELA-AUT,,3,,300,10867,,,,,62560,,
0,040190189700000000,0028154701,20305,20305,20671,,,00,1,1,-200,1600,0,0401,980600000,1319487,55000,-26390,215696,0,0,0,,1563793,C,1100,,,,101,372693,,231111481,019,1,,,,,,,,,,,,WSDS11251ý21690ýPRINCIPAL,,14,,200,26390,,,,,04440,09ý04,
0,040780580800274889,0023899496,20625,20963,21328,,,00,2,1,-2365,1600,4500,0401,-760799001,-1050368,0,-248412,-207805,,,0,,-1506585,C,400,141585,004152,S,202,,,,078,1,,009,,,,0,,,,,,PGONZALEZD-AUT,,0,,0,0,,,,,56203,15ý08,
0,042770303400287714,0024413043,20277,20278,20644,,,00,2,1,0,1600,1600,0401,-1305600000,-1296815,-97000,0,-223010,,,-238608,,-1616825,C,0,000000,,S,203,,,,277,1,,,,,,0,,,,,,VPADILLA2-AUT,,30,,0,0,,,,OMA_P-40761,22647,02ý02,
0,040190189800000000,0009306721,20309,20326,20692,0190203405,0190171658,00,1,1,0,1600,5500,0401,624310001,424181,55000,0,76669,0,0,453733,,555850,C,1000,000000,,,,,,,019,1,,009,,,,,,,,,,EJERONIMO,,30,,0,0,,,,,07740,09ý06,
0,040190189900000000,0024209964,20310,20310,20676,,,00,1,1,-200,1600,2500,0401,920875000,479026,55000,-9581,83911,0,0,144969,,608356,C,1100,,,,203ý201ý202,226922ý194885ý285368,,,019,1,,,,,,,,,,,,WSDS11251ý21690ýPRINCIPAL,,14,,200,9581,,,,,11000,09ý02,
0,040190190000000000,0026090858,20312,20312,20678,,,00,1,1,-300,1600,0,0401,836000000,372254,55000,-11168,66574,0,0,0,,482660,C,1100,,,,101,372733,,,019,1,,,,,,,,,,,,WSDS11251ý21690ýPRINCIPAL,,07,,300,11168,,,,,22785,02ý01,
0,041420180800202072,0016404217,20495,20466,20832,,,00,2,1,300,1600,1711.9406,0401,-942500000,-950514,-55000,28515,-156320,,,-185398,,-1133319,C,0,000000,,S,203,,,,142,1,,,,,,0,,,,,,CANCELA-AUT,,03,,300,28515,,,,ALA_P-104220,89430,28ý02,
0,040190190100000000,0023492710,20315,20368,20734,0190205983,0190174867,00,1,1,480,1600,,0402,632025001,1272226,55000,61067,222127,0,0,0,,1610420,T,800,000000,,,,,,,019,1,,009,,,,,,,,,,SHINOJOSA2,,14,,200,25445,,,,,52413,15ý22,
0,040190190200000000,0008474337,20316,20340,20706,,0190172524,00,1,1,0,1600,6400,0401,660500001,963347,100000,0,170136,0,0,1618493,,1233483,C,0,000000,,,203,216553,,,019,1,,009,,,,,,,,,,CESPINO,,07,,0,0,,,,,10400,09ý08,
0,040190190300000000,0008474337,20316,20354,20720,7080026609,0190174333,00,1,1,0,1600,6500,0401,714100001,1671410,100000,0,283426,0,0,3005722,,2054836,C,0,000000,,,101,376997,,,019,1,,009,,,,,,,,,,CESPINO,,07,,0,0,,,,,10400,09ý08,
0,040190190400000000,0026713384,20316,20316,20682,0190203237,,00,1,1,-200,1600,3000,0401,857000000,1013970,55000,-20279,167791,0,0,415649,,1216482,C,1000ý200,,,,,,,231816004,019,1,,,,,,,,,,,,WSDS11251ý21690ýPRINCIPAL,,14,,200,20279,,,,,01010,09ý03,
0,040971281300224729,0024164982,20690,20844,21025,,,00,2,1,-240,1600,4700,0401,-805000001,-1380166,0,-33124,-226126,,,0,,-1639416,C,1000ý200,000000,,S,203,,,,097,1,,009,,,,0,,,,,,GORIVERA-AUT,,14,,200,55207,S,,,,44650,14ý01,
0,041650058900229112,0020696830,20500,20486,20852,,,00,2,1,300,1600,5158.5869,0401,-885700000,-1101236,-55000,33037,-179712,,,-1116967,,-1302911,C,0,000000,,S,203,,,,165,1,,,,,,0,,,,,,LESIMON-AUT,,03,,300,33037,,,,ALA_P-104220,76803,22ý02,
0,040190190500000000,0020621962,20318,20318,20684,,,00,1,1,240,1600,3000,0401,1338000000,1280653,55000,30736,218622,0,0,529943,,1585011,S,1000ý200,,,,203,268973,,,019,1,,,,,,,,,,,,WSDSWEB,,14,,200,25613,,,,,42086,13ý01,
0,047130001700167154,0025195080,19921,19902,20085,,,00,1,1,-200,1600,3800,0401,399599999,247318,0,-4946,38780,,,136210,,281152,C,1000,281948,,S,201,,,,713,1,,009,,,,0,,,,,,CANCELA-AUT,,14,,200,-7302,,,,,67900,19ý21,
0,044055568600251669,0025422569,20694,20680,20923,,,00,2,1,-640,1600,4300,0401,-1141500000,-378760,0,-24240,-64480,,,-263600,,-467480,C,1000,000000,,S,203,,,,899,1,,,,,,0,,,,,,MAGIL-AUT,,14,,200,11363,,,,,76780,22ý02,
0,040190190600000000,0020371789,20322,20324,20690,0190205751,0190172940,00,1,1,640,1600,5300,0401,510580001,418682,55000,26796,80076,0,0,392073,,580554,M,1100,000000,,,,,,231517338,019,1,,009,,,,,,,,,,ICANTOR,,14,,200,8374,,,,,57200,15ý05,
0,041210131200246511,0021689370,19892,19887,20160,,,00,2,1,-480,1600,3500,0402,-954400000,-571719,0,-27444,-95865,,,-290967,,-695028,C,800,000000,,S,203,,,,121,1,,,,,,0,,,,,,NVILLASANA-AUT,,14,,200,15246,,,,,25570,05ý21,
0,040190190700000000,0028255604,20324,20324,20690,0190204864,,00,1,1,-200,1600,3000,0401,998800000,941668,55000,-18833,156454,0,0,380882,,1134289,C,1000ý200,,,,,,,,019,1,,,,,,,,,,,,WSDS11251ý21690ýPRINCIPAL,,14,,200,18833,,,,,91000,30ý02,
0,040190190800000000,0016655680,20326,20386,20752,,0190175381,00,1,1,240,1600,4000,0401,476945001,584289,55000,14023,104530,0,0,354230,,757842,S,1000ý200,000000,,,203,292614,,,019,1,,009,,,,,,,,,,SHINOJOSA2,,14,,200,11686,S,,,,06800,09ý01,
0,043290704900259093,0029758147,20642,20595,20960,,3290569486,00,2,1,0,1600,4778.2,0401,-1288500000,-877054,-75000,0,-152329,0,0,-762316,,-1104383,C,0,000000,,,203,,,,329,1,,,,,,0,0,0,,0,0,CANCELA-AUT,,30,,,0,,,,,25629,05ý02,
0,040550103000000000,0019074551,19315,19367,19732,,0550095203,00,1,1,-300,1600,3000,0401,848000000,510560,52000,-15317,87559,0,0,201240,,634802,C,0,,,,101ý203ý201ý202,316186ý208228ý168280ý200726,,210299781,055,1,,,,,,,,,,,,WSDSHMONDRAGON,,03,,300,15317,,,,HEC_P-101635,36550,11ý03,
0,040190190900000000,0023860607,20329,20329,20695,,,00,1,1,240,1600,4000,0401,505700001,436190,55000,10469,80265,0,0,261379,,581924,S,1100ý200,000000,,,203,225892,,,019,1,,009,,,,,,,,,,MBERNALS,,14,,200,8724,S,,,,14010,09ý08,
0,040190191000000000,0028294615,20331,20332,20698,, ,00,1,1,-200,1600,3000,0401,638965001,1060203,55000,-21204,175040,0,0,435464,,1269039,C,1000,000000,,,203,231562,,,019,1,,009,,,,,,,,,,EJERONIMO,,14,,200,21204,,,,,14410,09ý08,
0,040190191100000000,0026483069,20335,20373,20739,0190206992,0190175051,00,1,1,-200,1600,4500,0401,972600000,832124,55000,-16642,139277,0,0,644729,,1009759,C,1000,,,,,,,,019,1,,,,,,,,,,,,WSDS11251ý21690ýPRINCIPAL,,14,,200,16642,,,,,11910,09ý02,
0,041650058300229115,0021228014,20500,20485,20851,,,00,2,1,300,1600,3003.74,0402,-1305500000,-1291550,-55000,38747,-209248,,,-531777,,-1517051,C,0,000000,,S,203,,,,165,1,,,,,,0,,,,,,LESIMON-AUT,,03,,300,38747,,,,ALA_P-104220,76804,22ý02,
0,047050061400311374,0005186239,20434,20322,20688,,,00,3,1,240,1600,4000,0401,,,,,,,,,,,S,1000,,,,101,310785ý310786ý310789,,,705,1,,,,,,,,,,,,PRINCIPAL-00063,,14,,200,8530,,,,,93570,30ý21,
0,040190191200000000,0027264110,20337,20333,20699,7080027290,,00,1,1,0,1600,,0406,609290001,1108923,55000,0,186228,0,0,0,,1350151,C,,000000,,,101,377843,,,019,1,,009,,,,,,,,,,CESPINO,,30,,0,0,,,,,68050,20ý01,
0,047050061400311375,0005186239,20434,20322,20688,,,00,3,1,240,1600,4000,0401,,,,,,,,,,,S,1000,,,,101,310785ý310786ý310789ý311374,,,705,1,,,,,,,,,,,,PRINCIPAL-00063,,14,,200,8530,,,,,93570,30ý21,
0,040190191300000000,0026492748,20340,20340,20706,,,00,1,1,480,1600,0,0402,819500000,3081574,55000,147916,525518,0,0,0,,3810008,T,800,,,,203,266251,,,019,1,,,,,,,,,,,,WSDS11251ý21690ýPRINCIPAL,,14,,200,61631,,,,,54680,15ý21,
0,046150037400107173,0022718203,19913,19691,20056,,,00,1,1,0,1600,3500,0401,660900001,1335102,52000,0,221936,0,0,630070,,1609038,C,750,205377,,,201,,,,615,1,,009,,,,,,,,,,LCARDONA,,30,,0,0,,,,,20130,01ý01,
0,040190191400000000,0017603053,20344,20384,20750,0190207013,0190173914,00,1,1,-200,1600,4500,0401,634091501,382223,55000,-7644,68733,0,0,249556,,498312,C,1000,000000,,,,,,,019,1,,009,,,,,,,,,,MFVILLEGAS,,14,,200,7644,,,,,55830,15ý21,
0,040004443500164032,0027035056,20288,20283,20570,,,00,1,1,-200,1600,,0401,847700001,821686,42000,-16434,135560,0,0,0,,982812,C,1100ý200,000000,,,201,,,,009,1,,009,,,,,,,,,,MANUGOMEZ,,14,,200,16434,S,,,,11000,09ý02,
0,040190191600000000,0020623815,20351,20367,20733,0190206856,0190173845,00,1,1,-200,1600,4681,0401,647940001,1220742,55000,-24415,200212,0,0,611905,,1451539,C,1000ý200,000000,,,,,,,019,1,,009,,,,,,,,,,JOCAMPOS,,14,,200,24415,S,,,,14390,09ý08,
0,041420178200145754,0019483431,20375,20339,20705,,,00,1,1,-200,1600,,0402,622000001,3667604,55000,-73352,583880,,,,,4233132,C,800,207486,,,201,,,,142,1,,009,,,,0,,,,,,WBETANCOURT-AUT,,14,,200,73352,,,,,89602,28ý02,
0,040190191700000000,0020101520,20352,20352,20718,,,00,1,1,480,1600,3000,0402,835600000,716184,55000,34377,128890,0,0,288027,,934451,T,800,,,,203,228762,,,019,1,,,,,,,,,,,,WSDS11251ý21690ýPRINCIPAL,,14,,200,14324,,,,,76240,22ý01,
0,044055580700251552,0029349377,20579,20530,20895,,4055100063,00,2,1,-680,1600,2000,0401,-1278200000,-1761078,-70000,-119753,-312133,0,0,-429270,,-2262964,T,500,000000,,,203,,,,591,1,,,,,,0,0,0,,0,0,CANCELA-AUT,,30,,0,0,,,,PAT_P-90166,11700,09ý02,
0,048500009900100767,0018241664,19786,19781,20146,,,00,1,1,480,1600,1489,0401,,,,16506,2641,,0,,375132,19147,T,0,000000,,,301,,,,850,1,,009,,,,,,,,,,VPARRA,,14,,200,7503,,,,,36470,11ý21,
0,040190191800000000,0020798386,20356,20366,20732,,0190173527,00,1,1,-200,1600,3500,0402,1589200000,1412597,55000,-28252,230295,0,0,724994,,1669640,C,0,,,,203,294343,,,019,1,,,,,,,,,,,,WSDS11251ý21690ýPRINCIPAL,,14,,200,28252,,,,,10400,09ý08,
0,040190191900000000,0020798386,20357,20393,20759,,0190173607,00,1,1,0,1600,6900,0401,1621500000,420471,100000,0,83275,0,0,818042,,603746,C,0,,001337,,203,262108,,,019,1,,,,,,,,,,,,WSDS11251ý21690ýPRINCIPAL,,07,,0,0,,,,,10400,09ý08,
0,040190192000000000,0024420318,20358,20370,20736,0190206497,0190174718,00,1,1,-200,1600,4300,0401,1167000000,885863,55000,-17717,147703,0,0,634998,,1070849,C,1000ý200,,,,,,,,019,1,,,,,,,,,,,,WSDS11251ý21690ýPRINCIPAL,,14,,200,17717,,,,,04460,09ý04,
0,040004630600166330,0028984977,20655,20630,20813,,,00,1,1,240,1600,4500,0401,868100000,305489,0,7332,50051,,,231897,,362872,S,1100,202403,,,201,,,,008,1,,,,,,0,,,,,,MARORAMOS-AUT,,0,,200,12220,,,,,01620,09ý03,
0,047160363100277254,0020474550,20184,20185,20551,,,00,2,1,300,1600,0,0401,-890400000,-988370,-55000,29651,-162195,,,0,,-1175914,C,1100,000000,,S,203,,,,716,1,,,,,,0,,,,,,ROLEA-AUT,,07,,300,29651,,,,,66070,19ý02,
0,040190192100000000,0014082334,20359,20367,20733,,,00,1,1,240,1600,4500,0401,699960001,1457100,55000,34970,247531,0,0,1156074,,1794601,S,1000,000000,,,,,,240923746,019,1,,009,,,,,,,,,,JOCAMPOS,,14,,200,29142,,,,,72534,21ý01,
0,045690083600102379,0029017433,20659,20659,20829,,,00,1,1,0,1600,0,0401,1734040001,25274,,0,4044,0,0,0,,29318,C,600,000000,000784,,201,,,,569,1,,009,,,,,,,,,,MARRIVERO,,03,,0,0,,,,,74893,21ý21,
0,041950132100247554,0020652834,19659,19641,20006,,,00,2,1,0,1600,2700,0401,-853300000,-554729,-52000,0,-97077,,,-189713,,-703806,C,250,000000,,S,203,,,,195,1,,,,,,0,,,,,,BRIPEREZ-AUT,,30,,0,0,,,,,31456,08ý01,
0,040190192200000000,0020862514,20361,20412,20778,,0190174573,00,1,1,-200,1600,,0406,500920001,566679,55000,-11334,97655,0,0,0,,708000,C,1000,000000,,,203,293768,,,019,1,,009,,,,,,,,,,MFVILLEGAS,,14,,200,11334,,,,,11320,09ý02,
0,040830320500158131,0017541372,19993,19993,20240,,,00,1,1,440,1600,6414,0401,722136101,386992,40000,17028,71043,0,0,641589,,515063,S,1000,000000,,,201,,,,083,1,,009,,,,,,,,,,NCROMAN,,30,,0,0,,,,,15700,09ý11,
0,040190192300000000,0022515268,20365,20365,20731,,,00,1,1,-200,1600,3545,0402,447100001,1464094,55000,-29282,238370,0,0,779830,,1728182,C,800ý200,000000,,,203ý201ý101,235681ý103532ý378453,,231405219ý231718579ý240785475,019,1,,009,,,,,,,,,,EJERONIMO,,14,,200,29282,S,,,,06050,09ý01,
0,040190192400000000,0020673583,20371,20392,20758,,,00,1,1,-200,1600,4500,0401,893300000,783735,55000,-15675,131690,0,0,605139,,954750,C,1000,,,,203,266259,,,019,1,,,,,,,,,,,,WSDS11251ý21690ýPRINCIPAL,,14,,200,15675,,,,,11000,09ý02,
0,040190192500000000,0024776126,20373,20400,20766,,0190174809,00,1,1,-200,1600,5000,0401,645400001,868376,55000,-17368,144961,0,0,696596,,1050969,C,1000,000000,,,203,247954,,,019,1,,009,,,,,,,,,,SHINOJOSA2,,14,,200,17368,,,,,61500,16ý22,
0,040190192600000000,0026034823,20375,20375,20741,0190206529,,00,1,1,-200,1600,4000,0401,1235500000,830131,55000,-16603,138964,0,0,524006,,1007492,C,1000ý200,,,,,,,,019,1,,,,,,,,,,,,WSDSWEB,,14,,200,16603,,,,,03520,09ý05,
0,041030208800156594,0024255509,20557,20495,20616,,,00,1,1,0,1600,5500,0401,1304750000,128620,23332,,24312,,,139228,,176264,MV,1100,224584,,,201,,,,103,1,,,,,,0,,,,,,EOVALLE-AUT,,0,,0,0,,,,,64117,19ý01,
0,040190192700000000,0020798386,20378,20400,20766,,0190176431,00,1,1,0,1600,6300,0401,1707500000,559133,100000,0,105461,0,0,861887,,764594,C,0,,001337,,101,377288,,,019,1,,,,,,,,,,,,WSDS11251ý21690ýPRINCIPAL,,07,,0,0,,,,,10400,09ý08,
0,040190192800000000,0014820823,20379,20421,20787,,0190175247,00,1,1,-200,1600,5500,0401,630600001,615839,55000,-12317,105364,0,0,698767,,763886,C,1000,000000,,,203,230335,,,019,1,,009,,,,,,,,,,MFVILLEGAS,,14,,200,12317,,,,,07300,09ý06,
0,048650093100275169,0024186830,20526,20542,20634,,,00,2,1,-640,1600,4000,0401,-552720001,-455430,0,-29148,-77532,,,0,,-562110,C,1000ý200,000000,,S,203,,,,865,1,,009,,,,0,,,,,,GORIVERA-AUT,,14,,200,36434,S,,,,76040,22ý01,
0,040190192900000000,0020798386,20380,20419,20785,,0190175167,00,1,1,0,1600,6300,0401,1612000000,560856,100000,0,105737,0,0,864822,,766593,C,0,,001337,,101,377361,,,019,1,,,,,,,,,,,,WSDS11251ý21690ýPRINCIPAL,,07,,0,0,,,,,10400,09ý08,
0,046030000900226708,0025380123,20537,20519,20794,,,00,2,1,-380,1600,2500,0401,-636500001,-584754,0,-22221,-97116,,,0,,-704091,C,0,000000,,S,203,,,,603,1,,009,,,,0,,,,,,CANCELA-AUT,,3,,300,23390,,,,,39200,12ý22,
0,040190193000000000,0026518151,20382,20382,20748,,,00,1,1,-200,1600,5000,0401,843700000,621627,55000,-12433,106271,0,0,577507,,770465,C,1100,,,,203,226665,,,019,1,,,,,,,,,,,,WSDS11251ý21690ýPRINCIPAL,,14,,200,12433,,,,,76670,22ý21,
0,040190193100000000,0019596233,20385,20392,20758,,0190175569,00,1,1,140,1600,5300,0401,631705001,527903,55000,7391,94447,0,0,535592,,684741,S,1100,000000,,,203,291541,,,019,1,,009,,,,,,,,,,CARCRUZ,,07,,300,15837,,,,,89110,28ý02,
0,040190193200000000,0026583884,20386,20394,20760,0190206757,,00,1,1,-200,1600,4500,0402,758847901,3489480,55000,-69790,555950,0,0,2800881,,4030640,C,800,000000,,,,,,231577785ý231635711ý231752257,019,1,,009,,,,,,,,,,SHINOJOSA2,,14,,200,69790,,,,,02150,09ý10,
0,042060087600206135,0014603502,20369,20345,20711,,,00,2,1,-540,1600,4500,0401,-1682000000,-245850,-55000,-13276,-50260,,,-157832,,-364386,C,0,000000,,S,203,,,,206,1,,,,,,0,,,,,,CANCELA-AUT,,03,,300,7376,,,,ALA_P-104219,88890,28ý21,
0,040190193300000000,0028516993,20388,20388,20754,0190206334,,00,1,1,-200,1600,2000,0406,760700000,346692,55000,-6934,63161,0,0,79152,,457919,C,1100ý200,,,,,,,,019,1,,,,,,,,,,,,WSDS11251ý21690ýPRINCIPAL,,14,,200,6934,,,,,77710,23ý02,
0,040190193400000000,0028627901,20392,20390,20756,, ,00,1,1,-200,1600,3000,0401,617000001,392048,55000,-7841,70273,0,0,134930,,509480,C,1000ý200,000000,,,203,291801,,,019,1,,009,,,,,,,,,,MEDUFLORES,,14,,200,7841,S,,,,01610,09ý03,
0,044055195800130355,0027710548,20361,20308,20613,,,00,1,1,0,1600,3000,0401,889200000,501710,45830,,87610,,,199260,,635150,MV,1000ý200,241342,,,201,,,,018,1,,,,,,0,,,,,,ERIRAMIREZ-AUT,,0,,0,0,,,,,42854,13ý21,
0,040190193500000000,0020541888,20394,20394,20760,,,00,1,1,240,1600,3000,0401,854500000,1148941,55000,27575,197043,0,0,473494,,1428559,S,1000,,,,203,228378,,,019,1,,,,,,,,,,,,WSDS11251ý21690ýPRINCIPAL,,14,,200,22979,,,,,54190,15ý04,
0,042770341900239685,0019943255,20691,20616,20981,,,00,2,1,0,1600,3100,0401,-1239800000,-593497,-97000,0,-110480,,,-246875,,-800977,C,0,000000,,S,203,,,,277,1,,,,,,0,,,,,,CANCELA-AUT,,30,,0,0,,,,OMA_P-40761,28010,06ý01,
0,040830343000266187,0023787873,20450,20383,20513,,,00,2,1,-300,1600,3300,0402,-1806569998,-4197982,0,125939,-651527,,,-1802773,,-4723570,C,800,184497,,,202,,,,083,1,,009,,,,0,,,,,,AMCRUZ-AUT,,07,,300,-125939,,,,,78180,24ý01,
0,047160472800242077,0019111326,20577,20565,20930,,,00,2,1,200,1600,3548.6798,0401,-1148500000,-957811,-60000,19156,-159785,,,-502661,,-1158440,C,1000ý200,000000,,S,203,,,,716,1,,,,,,0,,,,,,VEGARCIA-AUT,,14,,200,19156,,,,ALA_P-104220,72534,21ý01,
0,040190193600000000,0008474337,20399,20386,20783,,,00,1,1,0,1600,5800,0401,730490001,1291150,100000,0,222584,0,0,1703708,,1613734,C,0,000000,,,,,,241237835,019,1,,009,,,,,,,,,,CESPINO,,07,,0,0,,,,,10400,09ý08,
0,044055735900250109,0013869971,20640,20626,20991,,,00,2,1,0,1600,7533.5181,0401,-1006000000,-364968,-47000,0,-63579,-14599,,-952863,,-460948,C,700,000000,,S,203,,,,097,1,,,,,,0,,,,,,OAREVALO-AUT,,30,,0,0,,,,OMA_P-41780,44909,14ý01,
0,040190193700000000,0011844688,20401,20401,20767,,,00,1,1,480,1600,4500,0402,742475000,535696,55000,25713,98625,0,0,402198,,715034,T,800,,,,203,291991,,,019,1,,,,,,,,,,,,WSDS11251ý21690ýPRINCIPAL,,14,,200,10714,,,,,16090,09ý13,
0,048110004200255287,0029274634,20663,20646,20861,,,00,2,1,-540,1600,3000,0401,-678300001,-631792,0,-34118,-106547,,,0,,-772457,C,0,000000,,S,203,,,,811,1,,009,,,,0,,,,,,JCSOSA-AUT,,3,,300,32492,,,,,79205,24ý21,
0,040190193800000000,0025096046,20403,20436,20802,,0190175459,00,1,1,-200,1600,4149,0401,699100001,1971138,55000,-39423,317874,0,0,1360209,,2304589,C,1000,000000,,,,,,,019,1,,009,,,,,,,,,,MFVILLEGAS,,14,,200,39423,,,,,52787,15ý02,
0,046780003500300514,0020402575,20332,20328,20694,,,00,3,1,640,1600,4000,0402,,,,,,,,,,,M,800ý200,,,,101,,,,678,1,,,,,,,,,,,,PRINCIPAL-00063,,14,,200,22760,,,,,55710,15ý03,
0,040190193900000000,0028702840,20407,20407,20773,,,00,1,1,480,1600,2300,0401,1273400000,817549,55000,39242,145887,0,0,231024,,1057678,T,1000,,,,203,225691,,,019,1,,,,,,,,,,,,WSDS11251ý21690ýPRINCIPAL,,14,,200,16351,,,,,56130,15ý08,
0,040190194000000000,0012560117,20409,20449,20815,,0190176743,00,1,1,-200,1600,3500,0401,1041700000,822644,55000,-16453,137791,0,0,414454,,998982,C,1000ý200,,,,203,272135,,,019,1,,,,,,,,,,,,WSDS11251ý21690ýPRINCIPAL,,14,,200,16453,,,,,54605,15ý21,
0,048720004000216437,0017155284,20481,20459,20825,,,00,2,1,300,1600,4842.9228,0402,-1013800000,-592487,-55000,17775,-100754,,,-494244,,-730466,C,0,000000,,S,203,,,,872,1,,,,,,0,,,,,,CANCELA-AUT,,03,,300,17775,,,,ALA_P-104220,76540,22ý21,
0,040190194100000000,0008474337,20410,20409,20775,,,00,1,1,0,1600,6400,0401,799475001,3095222,100000,0,511236,0,0,5408492,,3706458,C,0,000000,,,,,,240105543,019,1,,009,,,,,,,,,,CESPINO,,07,,0,0,,,,,10400,09ý08,
0,040190194200000000,0020798386,20413,20449,20815,,0190178781,00,1,1,0,1600,6400,0401,1652400000,688977,100000,0,126236,0,0,1130724,,915213,C,0,,001337,,203,266855,,,019,1,,,,,,,,,,,,WSDS11251ý21690ýPRINCIPAL,,07,,0,0,,,,,10400,09ý08,
0,040190194300000000,0008474337,20414,20438,20804,,0190178395,00,1,1,0,1600,2500,0402,837300001,4350913,55000,0,704946,0,0,1414848,,5110859,C,0,000000,,,101,377877,,240092123,019,1,,009,,,,,,,,,,CESPINO,,30,,0,0,,,,,10400,,
0,040190194400000000,0026798808,20416,20439,20805,,0190178157,00,1,1,-200,1600,4500,0401,482200001,467059,55000,-9341,82035,0,0,338821,,594753,C,1100ý200,000000,,,,,,,019,1,,009,,,,,,,,,,CESPINO,,14,,200,9341,S,,,,16020,09ý13,
0,040190194500000000,0028837421,20417,20417,20783,,,00,1,1,240,1600,1500,0402,718000001,2653887,55000,63693,443613,0,0,452089,,3216193,S,800,000000,,,101ý203,374081ý200558,,,019,1,,009,,,,,,,,,,MEDUFLORES,,14,,200,53078,,,,,56314,15ý21,
0,040190194600000000,0028793633,20421,20421,20787,,,00,1,1,640,1600,4000,0401,882300000,626146,55000,40073,115395,0,0,388017,,836614,M,1000ý200,,,,203,200554,,,019,1,,,,,,,,,,,,WSDS11251ý21690ýPRINCIPAL,,14,,200,12523,,,,,62737,17ý21,
0,047160397600276939,0024210985,20297,20292,20658,,,00,2,1,200,1600,0,0402,-886500000,-1528798,-55000,30576,-248516,,,0,,-1801738,C,800ý200,000000,,S,203,,,,716,1,,,,,,0,,,,,,MAUESQUIVEL-AUT,,14,,200,30576,,,,,16050,09ý13,
0,040190194700000000,0021009333,20422,20471,20837,,0190179910,00,1,1,0,1600,6800,0401,736025001,474766,30000,0,80763,0,0,896369,,585529,C,0,000000,,,,,,,019,1,,009,,,,,,,,,,SHINOJOSA2,,30,,0,0,,,,,11320,09ý02,
0,040640646300296919,0025820402,20411,20363,20699,,,00,2,1,0,1600,5191,0401,-1430950000,-592152,-9163,0,-96206,,,-595529,,-697521,C,800,000000,,S,203,,,,064,1,,,,,,0,,,,,,CANCELA-AUT,,30,,0,0,,,,RAM_P-103117,00000,32ý21,
0,040190194800000000,0027024161,20423,20478,20844,,0190180199,00,1,1,0,1600,6800,0401,731775001,395825,30000,0,68132,0,0,728619,,493957,C,0,000000,,,,,,,019,1,,009,,,,,,,,,,SHINOJOSA2,,30,,0,0,,,,,10700,09ý08,
0,040190194900000000,0027010481,20424,20474,20840,,0190180107,00,1,1,-200,1600,4000,0401,626890001,733624,55000,-14672,123832,0,0,441754,,897784,C,1000,000000,,,203,293884,,,019,1,,009,,,,,,,,,,JOCAMPOS,,14,,200,14672,,,,,31376,08ý01,
0,040190195000000000,0024636035,20427,20447,20813,, ,00,1,1,-200,1600,4400,0401,902940000,694161,55000,-13883,117644,0,0,503812,,852922,C,1000,,,,203,260948,,,019,1,,,,,,,,,,,,WSDS11251ý21690ýPRINCIPAL,,14,,200,13883,,,,,16030,09ý13,
0,040004500400164539,0028075863,20294,20291,20657,,,00,1,1,680,1600,4500,0401,,,,48781,7805,,0,,717374,56586,T,1100,000000,,,301,,,,008,1,,009,,,,,,,,,,LPALACIOS,,30,,0,0,,,,,55719,15ý03,
0,040190195100000000,0028841902,20429,20429,20795,,,00,1,1,480,1600,4500,0401,1244000000,2107962,55000,101182,362263,0,0,1688597,,2626407,T,1000,,,,,,,,019,1,,,,,,,,,,,,WSDS11251ý21690ýPRINCIPAL,,14,,200,42159,,,,,15700,09ý11,
0,040004588700258589,0023156745,20695,20596,20760,,,00,2,1,0,1600,7718,0401,-866799999,-348272,0,,-47365,-52241,,-774196,,-343396,TA,0,193671,,,202,,,,319,1,,009,,,,0,,,,,,FMEZA-AUT,,30,,0,0,,,,,05349,09ý09,
0,043270060400273364,0021123609,20080,20097,20462,,,00,2,1,300,1600,3561.2365,0401,-1226600000,-2011424,-55000,60343,-320973,,,-1083302,,-2327054,C,0,000000,,S,203,,,,327,1,,,,,,0,,,,,,RSORTIZ-AUT,,03,,300,60343,,,,ALA_P-104220,45133,14ý01,
0,040190195200000000,0026411968,20431,20431,20797,,,00,1,1,640,1600,5300,0401,783800000,445862,55000,28535,84704,0,0,415713,,614101,M,1100,,,,203,232453,,,019,1,,,,,,,,,,,,WSDS11251ý21690ýPRINCIPAL,,14,,200,8917,,,,,07790,09ý06,
0,040190195300000000,0021250551,20435,20465,20831,,0190176919,00,1,1,-200,1600,,0406,598710001,506749,55000,-10135,88258,0,0,0,,639872,C,1000,000000,,,,,,,019,1,,009,,,,,,,,,,SHINOJOSA2,,14,,200,10135,,,,,08210,09ý12,
0,040190195400000000,0023354443,20437,20444,20810,,0190177875,00,1,1,-300,1600,5300,0401,654400001,900684,55000,-27021,148586,0,0,955960,,1077249,C,1100,000000,,,,,,,019,1,,009,,,,,,,,,,JMALINALI,,07,,300,27021,,,,,64110,19ý01,
0,040190195500000000,0025278522,20440,20477,20843,,0190177761,00,1,1,-200,1600,4500,0402,636070001,1231978,55000,-24640,201974,0,0,961053,,1464312,C,800,000000,,,,,,,019,1,,009,,,,,,,,,,SHINOJOSA2,,14,,200,24640,,,,,02480,09ý10,
0,040550107700000000,0024148948,19492,19492,19857,0550116520,,00,1,1,380,1600,4000,0402,640100001,565664,52000,21495,102265,0,0,349243,,741424,T,0,000000,,,203ý201ý101ý202ý201,246808ý191796ý317507ý253678ý108174,,210607703,055,1,,009,,,,,,,,,,MDFERNANDEZ,,3,,300,16970,,,,,36643,11ý03,
0,040190195600000000,0028946455,20442,20442,20808,,,00,1,1,-200,1600,4000,0401,871850000,721528,55000,-14431,121936,0,0,451604,,884033,C,1000ý200,,,,,,,,019,1,,,,,,,,,,,,WSDS11251ý21690ýPRINCIPAL,,14,,200,14431,,,,,07300,09ý06,
0,040190195700000000,0026829478,20443,20475,20841,,0190178593,00,1,1,-200,1600,4500,0401,706685001,1871256,55000,-37425,302213,0,0,1303371,,2191044,C,1000,000000,,,,,,,019,1,,009,,,,,,,,,,SHINOJOSA2,,14,,200,37425,,,,,62250,17ý01,
0,041210141600246602,0023994855,20222,20188,20554,,,00,2,1,-240,1600,3000,0401,-1076000000,-767056,-55000,-18409,-134474,,,-309829,,-974939,C,1000,000000,,S,203,,,,121,1,,,,,,0,,,,,,CANCELA-AUT,,14,,200,15341,,,,,26749,05ý05,
0,040190195800000000,0028984995,20447,20447,20813,,,00,1,1,240,1600,4500,0401,964150000,623464,55000,-12469,106559,0,0,474008,,772554,S,1000,,,,301ý302,117834ý233213,,240976587,019,1,,,,,,,,,,,,WSDS11251ý21690ýPRINCIPAL,,14,,200,12469,,,,,03660,09ý05,
0,040190195900000000,0019188938,20450,20482,20848,,0190178658,00,1,1,480,1600,4000,0401,838300000,461069,55000,22131,86112,0,0,277966,,624312,T,1000,,,,,,,,019,1,,,,,,,,,,,,WSDS11251ý21690ýPRINCIPAL,,14,,200,9221,,,,,32540,08ý02,
0,042060073100205485,0010855182,20094,20167,20351,,,00,2,1,-480,1600,3654,0402,-1098650000,-184492,0,-8856,-30936,,,-89244,,-224284,T,800,000000,,S,203,,,,206,1,,,,,,,,,,,,MARTIHERNANDEZ,,14,,200,7380,,,,,67300,19ý04,
0,040190196000000000,0026411968,20452,20452,20818,,,00,1,1,640,1600,5300,0401,620100001,445862,55000,28535,84704,0,0,415713,,614101,M,1100,000000,,,,,,,019,1,,009,,,,,,,,,,ICANTOR,,14,,200,8917,,,,,07790,09ý06,
0,040190196100000000,0029045064,20457,20469,20835,,0190179257,00,1,1,-200,1600,4500,0401,824370000,540089,55000,-10802,93486,0,0,393485,,677773,C,1000,,,,,,,,019,1,,,,,,,,,,,,WSDS11251ý21690ýPRINCIPAL,,14,,200,10802,,,,,11370,09ý02,
0,041260314400277358,0019464454,20298,20270,20453,,,00,2,1,-240,1600,3500,0401,-844800001,-525789,0,-12619,-86145,,,0,,-624553,C,1100ý200,154162,,S,202,,,,126,1,,009,,,,0,,,,,,QUALICAJA-AUT,,0,,200,21032,S,,,,66260,19ý01,
0,040190196200000000,0008353927,20458,20478,20844,,0190178188,00,1,1,0,1600,6146.9539,0401,1571400000,470228,100000,0,91236,0,0,665712,,661464,C,0,,,,203,200611,,,019,1,,,,,,,,,,,,WSDSHMONDRAGON,,07,,0,0,,,,HEC_P-101635,10400,09ý08,
0,043290702200259196,0029755411,20642,20593,20958,,3290569018,00,2,1,-515,1600,4407.4,0401,-1188700000,-770705,-75000,-39692,-141663,0,0,-572625,,-1027060,M,0,000000,,,203,,,,329,1,,,,,,0,0,0,,0,0,CANCELA-AUT,,30,,,0,,,,,45643,14ý01,
0,040190196300000000,0008353927,20458,20470,20836,,0190179970,00,1,1,0,1600,6822.0461,0401,2062075000,1399146,100000,0,239863,0,0,2889861,,1739009,C,0,,,,101,377685,,,019,1,,,,,,,,,,,,WSDSHMONDRAGON,,07,,0,0,,,,HEC_P-101635,10400,09ý08,
0,040190196400000000,0021194608,20460,20460,20826,,,00,1,1,840,1600,6500,0401,324650001,457634,100000,38441,95372,0,0,751566,,691447,M,0,000000,,,203ý201ý202,204089ý154994ý214840,,,019,1,,009,,,,,,,,,,CESPINO,,14,,0,0,,,,,14240,09ý08,
0,040190196500000000,0020942179,20463,20463,20829,,,00,1,1,640,1600,,0402,834100001,6267330,55000,401109,1075750,0,0,0,,7799189,M,800,000000,,,203,235476,,,019,1,,009,,,,,,,,,,SHINOJOSA2,,14,,200,125347,,,,,10010,09ý08,
0,045690074500102325,0018921894,20519,20361,21262,,,00,1,1,1544,1600,0,0401,427800001,1069529,,165135,197546,0,0,0,,1432210,AM,500,000000,000784,,201,,,,569,1,,009,,,,,,,,,,ARODRIGUEZR,,14,,,0,,,,,31184,08ý01,
0,040190196600000000,0029086498,20464,20464,20830,,,00,1,1,-200,1600,4000,0401,925400000,816904,55000,-16338,136891,0,0,515188,,992457,C,1000ý200,,,,,,,,019,1,,,,,,,,,,,,WSDS11251ý21690ýPRINCIPAL,,14,,200,16338,,,,,62170,17ý01,
0,040190196700000000,0027238361,20465,20513,20879,,0190182125,00,1,1,480,1600,4550,0401,1006400000,1014762,55000,48709,178955,0,0,810352,,1297426,T,1000,,,,203,281070,,,019,1,,,,,,,,,,,,WSDS11251ý21690ýPRINCIPAL,,14,,200,20295,,,,,01730,09ý03,
0,040190196800000000,0029103102,20466,20466,20832,,,00,1,1,0,1600,4000,0401ý0402,9993447211,1330384ý7835275,462000,0,1540425,0ý0,0ý0,5722178,,11168084,C,1000ü800,000000,,,203,242909,,,019,1,,009,,,,,,,,,,EJERONIMO,,03,,200,,,,,,93575,30ý21,
0,040190196900000000,0025077915,20470,20470,20836,,,00,1,1,-200,1600,,0406,615240001,858276,55000,-17166,143378,0,0,0,,1039488,C,1000,000000,,,203,271399,,,019,1,,009,,,,,,,,,,JOCAMPOS,,14,,200,17166,,,,,11360,09ý02,
0,040190197000000000,0008474337,20472,20503,20869,,0190179359,00,1,1,0,1600,6500,0401,636200001,647626,100000,0,119620,0,0,1104407,,867246,C,0,000000,,,,,,,019,1,,009,,,,,,,,,,AORDAZ,,07,,0,0,,,,,10400,09ý08,
0,040190197100000000,0008474337,20472,20487,20853,,0190179390,00,1,1,0,1600,4910,0401,657700001,1155059,100000,0,200809,0,0,1063140,,1455868,C,0,000000,,,,,,,019,1,,009,,,,,,,,,,CESPINO,,07,,0,0,,,,,10400,09ý08,
0,048430018300270991,0021155845,20471,20464,20830,,,00,2,1,-240,1600,3712,0402,-640230001,-602767,-55000,-14466,-107557,,,-301136,,-779790,C,800,000000,,S,203,,,,843,1,,009,,,,0,,,,,,KAGUZMAN-AUT,,14,,200,12055,,,,,66059,19ý02,
0,040190197200000000,0029102876,20473,20473,20839,,,00,1,1,-200,1600,2000,0406,763500000,429069,55000,-8581,76078,0,0,99747,,551566,C,1100ý200,,,,,,,240217955ý241266588ý241267617,019,1,,,,,,,,,,,,WSDS11251ý21690ýPRINCIPAL,,14,,200,8581,,,,,53250,15ý04,
0,041950211100248353,0027961042,20640,20639,21004,,,00,2,1,200,1600,4000,0401,-983500000,-735387,-60000,14708,-124909,,,-454924,,-905588,C,1000,000000,,S,203,,,,195,1,,,,,,0,,,,,,LJNUNEZ-AUT,,14,,200,14708,,,,,31060,08ý01,
0,040190197300000000,0008715280,20477,20483,20849,,0190178522,00,1,1,0,1600,5500,0401,628910001,290803,55000,0,55328,0,0,268655,,401131,MV,1000,000000,,,,,,,019,1,,009,,,,,,,,,,EJERONIMO,,30,,0,0,,,,,52170,15ý01,
0,040190197400000000,0023868152,20479,20530,20895,,0190179858,00,1,1,0,1600,6800,0401,744185001,533393,30000,0,90143,0,0,1021260,,653536,C,0,000000,,,,,,,019,1,,009,,,,,,,,,,SHINOJOSA2,,30,,0,0,,,,,01030,09ý03,
0,040190197500000000,0022345566,20480,20480,20846,,,00,1,1,240,1600,5300,0401,676900001,1120842,55000,26900,192439,0,0,1204224,,1395181,S,1100,000000,,,203,268784,,,019,1,,009,,,,,,,,,,ICANTOR,,14,,200,22417,,,,,76190,22ý01,
0,040190197600000000,0027101092,20484,20489,20855,,0190180740,00,1,1,-300,1600,5300,0401,551110001,481201,55000,-14436,83482,0,0,482928,,605247,C,1100,000000,,,,,,240429450,019,1,,009,,,,,,,,,,CBMENDOZA,,07,,300,14436,,,,,62460,17ý01,
0,041390035900245857,0020761739,20047,20025,20207,,,00,2,1,-240,1600,3500,0401,-896400000,-338438,0,-8123,-55450,,,-170390,,-402011,C,1000,000000,,S,203,,,,139,1,,,,,,0,,,,,,CANCELA-AUT,,14,,200,13538,,,,,51355,15ý22,
0,040190197700000000,0020407828,20485,20497,20863,,0190181179,00,1,1,-200,1600,5300,0401,760400001,1021463,55000,-20429,168965,0,0,1102109,,1224999,C,1100,000000,,,,,,,019,1,,009,,,,,,,,,,DEROLDAN,,14,,200,20429,,,,,42400,13ý21,
0,040190197800000000,0027249019,20487,20513,20879,,0190182183,00,1,1,-200,1600,3701,0402,1173300000,1226386,60000,-24528,201897,0,0,681682,,1463755,C,880ý200,,,,101ý203,374994ý289381,,,019,1,,,,,,,,,,,,WSDS11251ý21690ýPRINCIPAL,,14,,200,24528,,,,,08300,09ý12,
0,040550110000000000,0022699018,19577,19623,19988,0550120692,0550101429,00,1,1,-200,1600,4000,0402,459400001,773162,52000,-15463,129552,0,0,487575,,939251,MD,800,000000,,,203ý201ý202ý201,292820ý166388ý283326ý119695,,,055,1,,009,,,,,,,,,,CMENDES,,14,,200,15463,,,,,37450,11ý04,
0,043300084900265491,0028546432,20545,20495,20769,,,00,2,1,-425,1600,2114,0401,-1116701776,-487725,0,-20729,-81352,,,-162498,,-589806,C,0,142939,,S,202,,,,330,1,,,,,,0,0,0,,0,0,CANCELA-AUT,,30,,0,0,,,,,33210,08ý21,
0,040190197900000000,0018120284,20492,20522,20887,,0190180757,00,1,1,0,1600,3800,0401,632640001,641180,60000,0,112189,0,0,366013,,813369,C,700,000000,,,203,235420,,,019,1,,009,,,,,,,,,,MEDUFLORES,,30,,0,0,,,,,50070,15ý01,
0,042120033900219762,0028519306,20373,20335,20609,,,00,2,1,-380,1600,2000,0406,-398060001,-173058,0,-6576,-28740,,,0,,-208374,C,,142178,,S,202,,,,212,1,,009,,,,0,,,,,,QUALICAJA-AUT,,0,,300,6922,,,,,97700,31ý02,
0,040190198000000000,0024631336,20494,20499,20865,,0190179477,00,1,1,-200,1600,4500,0401,850100000,684517,60000,-13690,116932,0,0,523961,,847759,C,1000,,,,,,,,019,1,,,,,,,,,,,,WSDS11251ý21690ýPRINCIPAL,,14,,200,13690,,,,,11000,09ý02,
0,040190198200000000,0023282080,20498,20543,20908,,0190180807,00,1,1,0,1600,3800,0401,664900001,1276997,60000,0,213920,0,0,755708,,1550917,C,700,000000,000339,,203,249766,,,019,1,,009,,,,,,,,,,MEDUFLORES,,30,,0,0,,,,,52213,15ý22,
0,040190198300000000,0008474337,20498,20529,20894,,0190182776,00,1,1,0,1600,5770,0401,636500001,719012,100000,0,131042,0,0,908758,,950054,C,0,000000,,,,,,240517458,019,1,,009,,,,,,,,,,AORDAZ,,07,,0,0,,,,,10400,09ý08,
0,045690064100102255,0022565200,20339,20332,20879,,,00,1,1,0,1600,0,0401,1050680001,8413,,0,1346,0,0,0,,9759,AH,350,000000,000784,,201,,,,569,1,,009,,,,,,,,,,MARIVERO,,03,,0,0,,,,,54100,15ý06,
0,040190198400000000,0025525620,20499,20519,20884,,7620031434,00,1,1,-200,1600,3184,0401,1658400000,3004021,60000,-60080,480631,0,0,1382733,,3484572,C,1100ý200,,,,,,,,019,1,,,,,,,,,,,,WSDS11251ý21690ýPRINCIPAL,,14,,200,60080,,,,,55900,15ý21,
0,040190198500000000,0018747298,20500,20545,20910,,0190180476,00,1,1,-200,1600,3261,0402,652072501,1524902,60000,-30498,248705,0,0,716608,,1803109,C,800,000000,,,,,,,019,1,,009,,,,,,,,,,MFVILLEGAS,,14,,200,30498,,,,,71600,20ý21,
0,048200007100000000,0021533016,19343,19408,19773,8200008458,8200006023,00,1,1,-300,1600,2000,0401,1005700000,533030,52000,-15991,91046,0,0,123007,,660085,C,0,,,,,,,210963763,820,1,,,,,,,,,,,,WSDSHMONDRAGON,,03,,300,15991,,,,HEC_P-101635,95360,30ý21,
0,040190198600000000,0023778605,20504,20557,20922,,0190183987,00,1,1,-200,1600,,0406,686420001,4411336,60000,-88227,701297,0,0,0,,5084406,C,1000,000000,,,203,263866,,,019,1,,009,,,,,,,,,,MFVILLEGAS,,14,,200,88227,,,,,14090,09ý08,
0,040550110800000000,0020494998,19608,19608,19973,,,00,1,1,480,1600,2500,0401,802200000,426669,52000,20480,79864,0,0,128290,,579013,T,1000,,,,,,,,055,1,,,,,,,,,,,,WSDS11251ý21690ýPRINCIPAL,,14,,200,8533,,,,,71290,20ý21,
0,040004039800168021,0022629507,19827,19792,19976,,,00,1,1,480,1600,3500,0402,801232001,1225588,0,58828,205506,,,,,1489922,T,880,235404,,,201,,,,008,1,,009,,,,0,,,,,,MICARREON-AUT,,0,,200,49024,,,,,54430,15ý03,
0,040190198700000000,0019366930,20505,20560,20925,,0190181563,00,1,1,-200,1600,2000,0402,651325001,1613672,60000,-32273,262624,0,0,392418,,1904023,C,800,000000,,,201ý203,118372ý228363,,,019,1,,009,,,,,,,,,,SHINOJOSA2,,14,,200,32273,,,,,42803,13ý02,
0,045690066400102250,0022842267,20315,20315,20323,,,00,1,1,1013,1600,0,0401,1108680001,1849,,187,326,0,0,0,,2362,AL,350,000000,000784,,201,,,,569,1,,009,,,,,,,,,,ARODRIGUEZR,,03,,0,0,,,,,01530,09ý03,
0,040190198800000000,0029307781,20507,20501,20867,,,00,1,1,640,1600,2300,0402,3213300012,77675335,504000,4971221,13304089,0,0,23036748,,96454645,M,800,000000,,,201ý201ý201,118143ý118214ý119578,,240317520ý240321515ý240333080ý240399180ý240399489ý240442797ý241314603,019,1,,009,,,,,,,,,,MFVILLEGAS,,14,,200,1553507,,,,,42970,13ý03,
0,043120151000115913,0024238155,20088,20076,21142,,,00,1,1,2878,1600,0,0401,1767371484,6055560,0,1742790,1247750,,,,,9046100,MY,1000,204004,003488,,201,,,,312,1,,,,,,0,,,,,,VSHERNANDEZ-AUT,,0,,0,0,,,,AG77786@27024,11000,09ý02,
0,043120233500129072,0017958245,20198,20178,20544,,,00,1,1,0,1600,0,0401,1827030000,723715,55000,,124594,,,,,903309,C,1000,234239,003488,,201,,,,312,1,,,,,,0,,,,,,YAIMORALES-AUT,,30,,0,0,,,,AG74932@37560,11000,09ý02,
0,040190198900000000,0023618649,20511,20511,20877,,,00,1,1,0,1600,1000,0401,952282501,441383,60000,0,80221,0,0,49043,,581604,C,1000,000000,,,,,,,019,1,,009,,,,,,,,,,EJERONIMO,,03,,0,0,,,,,05310,09ý09,
0,043290683700182637,0029330344,20581,20531,20868,,,00,1,1,515,1600,3620.4,0401,1251800000,1173970,0,60460,197509,,,701824,,1431939,M,0,253716,,,201,,,,329,1,,,,,,0,,,,,,CLUCIANO-AUT,,0,,,0,,,,,45643,14ý01,
0,040190199000000000,0022812011,20514,20573,20938,,0190184744,00,1,1,640,1600,4000,0401,697000001,456659,60000,29226,87342,0,0,242839,,633227,M,1000,000000,,,203ý201ý202,238476ý169903ý213213,,,019,1,,009,,,,,,,,,,JOCAMPOS,,14,,200,9133,,,,,31110,08ý01,
0,040190199100000000,0017759454,20518,20572,20937,,0190184617,00,1,1,-200,1600,5500,0401,622865001,475814,60000,-9516,84208,0,0,495018,,610506,MV,1000,000000,,,,,,,019,1,,009,,,,,,,,,,EJERONIMO,,14,,200,9516,,,,,07300,09ý06,
0,040550111300000000,0022888015,19617,19655,20020,0550121539,0550102303,00,1,1,-200,1600,3000,0401,635400001,532792,52000,-10656,91862,0,0,189247,,665998,SD,1000,000000,,,,,,220765902,055,1,,009,,,,,,,,,,CMENDES,,14,,200,10656,,,,,36570,11ý03,
0,040190199200000000,0029440309,20520,20522,20887,,,00,1,1,240,1600,3000,0401,930900000,917525,60000,22021,159927,0,0,374368,,1159473,S,1000,,,,,,,,019,1,,,,,,,,,,,,WSDS11251ý21690ýPRINCIPAL,,14,,200,18351,,,,,22504,02ý02,
0,040004569400258869,0028563634,20558,20497,20740,,,00,2,1,-340,1600,6000,0401,-2865766004,-1268328,0,-43120,-209832,,,0,,-1521280,C,1100,000000,,S,203,,,,008,1,,009,,,,0,,,,,,CANCELA-AUT,,30,000051989,0,0,,DED ADM REP RC,,,20290,01ý01,
0,040190199300000000,0008474337,20522,20553,20918,,0190182784,00,1,1,0,1600,6410,0401,741900001,1829471,105000,0,309515,0,0,2745401,,2243986,C,0,000000,,,203,259421,,,019,1,,009,,,,,,,,,,AORDAZ,,07,,0,0,,,,,10400,09ý08,
0,040640562200248291,0017809310,20136,20136,20180,,,00,2,1,0,1600,7731,0401,-614815999,-23632,-1808,0,-4070,0,0,-66761,,-29510,M,0,000000,,,202,,,,064,1,,009,,,,,,,,,,EDDLOZANO,,30,,0,0,,,,,64640,19ý01,
0,040190199400000000,0029458464,20522,20522,20887,,,00,1,1,-200,1600,4500,0401,1193300000,516647,60000,-10333,90610,0,0,386712,,656924,C,1100ý200,,,,,,,,019,1,,,,,,,,,,,,WSDSWEB,,14,,200,10333,,,,,42400,13ý21,
0,043300073700152265,0027866163,20474,20264,20622,,,00,1,1,0,1600,3000,0401,606999999,95101,0,0,15216,,,23187,,110317,C,0,205878,,S,201,,,,330,1,,009,,,,0,,,,,,CANCELA-AUT,,30,,0,0,,,,,88735,28ý03,
0,040190199500000000,0029468546,20525,20525,20890,,,00,1,1,-200,1600,0,0406,765794000,505232,60000,-10105,88820,0,0,0,,643947,C,1000ý200,,,,203,257722,,,019,1,,,,,,,,,,,,WSDS11251ý21690ýPRINCIPAL,,14,,200,10105,,,,,04918,09ý04,
0,040190199600000000,0025792745,20527,20581,20946,,0190183426,00,1,1,-200,1600,3000,0401,628815001,594777,60000,-11896,102861,0,0,236048,,745742,C,1000,000000,,,101,378278,,,019,1,,009,,,,,,,,,,JOCAMPOS,,14,,200,11896,,,,,62470,17ý01,
0,040190199700000000,0024120036,20528,20586,20951,,0190183056,00,1,1,240,1600,4500,0401,627285001,533534,60000,12805,97014,0,0,393328,,703353,S,1000,000000,,,,,,,019,1,,009,,,,,,,,,,SHINOJOSA2,,14,,200,10671,,,,,77560,23ý01,
0,048200008300000000,0014490816,19672,19672,20037,8200009494,,00,1,1,-300,1600,3500,0402,652100001,527043,52000,-15811,90117,0,0,256783,,653349,TC,0,000000,,,,,,,820,1,,009,,,,,,,,,,AVILLALOBOS,,3,,300,15811,,,,,95100,30ý21,
0,045930320200218012,0026066431,20138,20076,20107,,,00,2,1,0,1600,0,0401,-1027056000,-52760,-15000,0,-10842,,,0,,-78602,C,700,000000,001278,S,203,,,,266,1,,,,,,0,,,,,,CANCELA-AUT,,30,,,0,,,,JOS_P-102961,64320,19ý01,
0,040190199800000000,0027275261,20533,20519,20884,,,00,1,1,-200,1600,4500,0401,517400001,833412,60000,-16668,140279,0,0,645883,,1017023,C,1100ý200,000000,,,,,,,019,1,,009,,,,,,,,,,EJERONIMO,,14,,200,16668,S,,,,11700,09ý02,
0,040550112000000000,0020684642,19646,19648,20013,0550120492,0550100501,00,1,1,380,1600,4000,0401,661800001,545852,52000,20742,98975,0,0,330462,,717569,T,0,000000,,,,,,,055,1,,009,,,,,,,,,,MDFERNANDEZ,,3,,300,16376,,,,,36595,11ý03,
0,040190199900000000,0026511923,20535,20535,20900,,,00,1,1,-200,1600,3000,0401,624900001,594510,60000,-11890,102819,0,0,232162,,745439,C,1000,000000,,,203,217972,,,019,1,,009,,,,,,,,,,JOCAMPOS,,14,,200,11890,,,,,81430,25ý03,
0,040190200000000000,0002066722,20539,20551,20916,,0190182739,00,1,1,-200,1600,4500,0401,650500001,384664,60000,-7693,69915,0,0,271526,,506886,C,1000,000000,,,101,376118,,,019,1,,009,,,,,,,,,,SHINOJOSA2,,14,,200,7693,,,,,69005,20ý21,
0,048200008600000000,0019086772,19740,19798,20163,,8200008082,00,1,1,-300,1600,98.1825,0402,822000000,1342112,52000,-40263,216616,0,0,12256,,1570465,C,0,,,,203,276707,,,820,1,,,,,,,,,,,,WSDSHMONDRAGON,,03,,300,40263,,,,HEC_P-101702,95180,30ý21,
0,044055287600253374,0028194822,20523,20499,20681,,,00,2,1,-440,1600,3000,0401,-910900000,-462134,0,-20334,-77195,,,-188603,,-559663,C,0,000000,,S,203,,,,119,1,,,,,,0,,,,,,CANCELA-AUT,,14,,0,0,,,,,28510,06ý21,
0,046210029200261222,0024255337,20560,20592,20957,,,00,2,1,200,1600,4500,0401,-1327200000,-1179918,-60000,23598,-194611,,,-922024,,-1410931,C,1000,000000,,S,203,,,,621,1,,,,,,0,,,,,,IMFIGUEROAB-AUT,,14,,200,23598,,,,,85037,26ý02,
0,040190200100000000,0018120284,20540,20540,22366,,,00,1,1,0,1600,3300,0401,663689901,5503333,60000,0,890133,0,0,2568332,,6453466,C,700,000000,,,,,,,019,1,,009,,,,,,,,,,MEDUFLORES,,30,,0,0,,,,,50070,15ý01,
0,048200008700000000,0024086524,19770,19843,20208,8200010156,8200007577,00,1,1,-300,1600,3788.023,0401,1414260000,662866,52000,-19886,111197,0,0,329608,,806177,C,0,,,,,,,,820,1,,,,,,,,,,,,WSDSHMONDRAGON,,03,,300,19886,,,,HEC_P-103155,95110,30ý21,
0,040190200200000000,0023944919,20542,20542,20907,,,00,1,1,-200,1600,0,0401,968300000,2003372,60000,-40067,323729,0,0,0,,2347034,C,1000,,,,203,238242,,,019,1,,,,,,,,,,,,WSDS11251ý21690ýPRINCIPAL,,14,,200,40067,,,,,76138,22ý01,
0,048200008800000000,0024125531,19798,19851,20216,8200010253,8200007591,00,1,1,380,1600,3285.0422,0401,930900000,529220,52000,20110,96213,0,0,234362,,697543,T,0,,,,203ý201,264544ý191128,,,820,1,,,,,,,,,,,,WSDSHMONDRAGON,,03,,300,15877,,,,HEC_P-103155,95300,30ý21,
0,040190200300000000,0027760830,20547,20606,20971,,0190186168,00,1,1,-200,1600,,0406,612590001,554364,60000,-11087,96524,0,0,0,,699801,C,1000,000000,,,203,270265,,,019,1,,009,,,,,,,,,,MFVILLEGAS,,14,,200,11087,,,,,14000,09ý08,
0,048200008900000000,0024368253,19827,19904,20269,,8200007799,00,1,1,-300,1600,0,0402,772000000,355034,52000,-10651,63421,0,0,0,,459804,C,0,,,,203,284675,,,820,1,,,,,,,,,,,,WSDSACHPEREZ,,03,,300,10651,,,,ALA_P-104219,95150,30ý21,
0,040190200400000000,0021778777,20549,20550,20915,,,00,1,1,-200,1600,5300,0401,641600001,836881,60000,-16738,140823,0,0,863879,,1020966,C,1100,000000,,,,,,,019,1,,009,,,,,,,,,,JOSHUERTA,,14,,200,16738,,,,,60080,,
0,048200009000000000,0024500431,19857,19936,20301,,8200007927,00,1,1,-300,1600,3745.8341,0401,1339700000,837007,55000,-25110,138704,0,0,469688,,1005601,C,0,,,,203,292993,,,820,1,,,,,,,,,,,,WSDSACHPEREZ,,03,,300,25110,,,,ALA_P-104220,95150,30ý21,
0,043190648200213599,0021162744,20459,20455,20821,,,00,2,1,0,1600,5750,0401,-1073800000,-660814,-42000,0,-112450,,,-834349,,-815264,C,1000,000000,,S,203,,,,319,1,,,,,,0,,,,,,HMONDRAGON-AUT,,30,,0,0,,,,FER_P-105546,03230,09ý05,
0,040190200500000000,0018120284,20553,20553,22014,,,00,1,1,0,1600,3300,0401,726990001,10744989,60000,0,1728798,0,0,5153212,,12533787,C,700,000000,,,,,,240787995,019,1,,009,,,,,,,,,,MEDUFLORES,,30,,0,0,,,,,50070,15ý01,
0,048200009100000000,0016148712,19877,19877,20242,,,00,1,1,140,1600,2000,0402,722000001,790093,55000,11061,136985,0,0,157743,,993139,S,0,000000,,,203,277386,,,820,1,,009,,,,,,,,,,JLDURAN,,3,,300,23703,,,,,95190,,
0,046410002700269670,0025743091,20341,20319,20593,,,00,2,1,-380,1600,3500,0402,-680500001,-496974,0,-18885,-82536,,,0,,-598395,C,0,000000,,S,203,,,,641,1,,009,,,,0,,,,,,CANCELA-AUT,,3,,300,19879,,,,,99600,32ý21,
0,040190200600000000,0029700018,20555,20555,20920,,,00,1,1,480,1600,1500,0402,1020500000,3172369,60000,152274,541543,0,0,519330,,3926186,T,800,,,,203,272180,,,019,1,,,,,,,,,,,,WSDS11251ý21690ýPRINCIPAL,,14,,200,63447,,,,,55068,15ý09,
0,040550112800000000,0020841812,19674,19675,20040,,0550102833,00,1,1,380,1600,3000,0401,671573051,327496,52000,12445,62711,0,0,118858,,454652,T,0,000000,,,,,,220743774,055,1,,009,,,,,,,,,,MDFERNANDEZ,,3,,300,9825,,,,,36986,11ý22,
0,040004060500113817,0024823033,19868,19829,20012,,,00,1,1,-200,1600,3500,0401,854700000,287341,0,-5747,45055,,,143468,,326649,SD,1000,208794,,,201,,,,008,1,,,,,,0,,,,,,AQUITERIO-AUT,,0,,200,11494,,,,,39893,12ý01,
0,040190200700000000,0007939382,20560,20598,20963,,0190183365,00,1,1,480,1600,3073,0402,706000000,631838,60000,30328,115547,0,0,280300,,837713,T,800,,,,203,213209,,,019,1,,,,,,,,,,,,WSDS11251ý21690ýPRINCIPAL,,14,,200,12637,,,,,54984,,
0,042770341200239858,0027783103,20691,20611,20976,,,00,2,1,0,1600,2500,0402,-1476200000,-1514621,-97000,0,-257859,,,-490207,,-1869480,C,0,000000,,S,203,,,,277,1,,,,,,0,,,,,,CANCELA-AUT,,30,,0,0,,,,OMA_P-40761,96320,30ý21,
0,048200009300000000,0019115305,19925,19925,20290,,8200007836,00,1,1,-300,1600,2000,0402,595800001,1245294,55000,-37359,202070,0,0,311323,,1465005,C,0,000000,,,,,,,820,1,,009,,,,,,,,,,AVILLALOBOS,,3,,300,37359,,,,,95119,,
0,040550112900000000,0019187577,19678,19753,20118,0550123000,0550103028,00,1,1,380,1600,2500,0401,877700000,484666,52000,18417,88813,0,0,144836,,643896,T,0,,,,,,,,055,1,,,,,,,,,,,,WSDSHMONDRAGON,,03,,300,14540,,,,HEC_P-103155,36580,11ý03,
0,040190200800000000,0029751349,20562,20562,20927,,,00,1,1,480,1600,0,0402,820500000,3607778,60000,173173,614552,0,0,0,,4455503,T,800,,,,203,228340,,,019,1,,,,,,,,,,,,WSDS11251ý21690ýPRINCIPAL,,14,,200,72156,,,,,86570,27ý21,
0,048200009400000000,0020398835,19951,20015,20380,,8200008248,00,1,1,-300,1600,0,0402,622000000,639104,55000,-19173,107989,0,0,0,,782920,C,0,,,,203,220505,,,820,1,,,,,,,,,,,,WSDSACHPEREZ,,03,,300,19173,,,,ALA_P-104219,86750,27ý21,
0,040190200900000000,0029791765,20567,20606,20971,,0190183576,00,1,1,-200,1600,5023,0401,640000001,950048,60000,-19001,158568,0,0,739648,,1149615,C,1000,000000,,,101,378110,,,019,1,,009,,,,,,,,,,MFVILLEGAS,,14,,200,19001,,,,,14643,09ý08,
0,048200009500000000,0020734288,19981,20046,20411,8200010819,8200008368,00,1,1,-300,1600,2102.978,0402,820500000,856002,55000,-25680,141652,0,0,212721,,1026974,C,0,,,,,,,,820,1,,,,,,,,,,,,WSDSACHPEREZ,,03,,300,25680,,,,ALA_P-104220,95200,30ý21,
0,040550113100000000,0024987007,19685,19685,20050,0550122242,,00,1,1,-200,1600,4000,0401,1234900000,355108,72000,-7102,67201,0,0,199338,,487207,MD,1100,,,,203ý201ý202ý201ý202ý201,292805ý176718ý229356ý125859ý277830ý101357,,,055,1,,,,,,,,,,,,WSDS11251ý21690ýPRINCIPAL,,14,,200,7102,,,,,36595,11ý03,
0,040190201000000000,0027773574,20569,20608,20973,,0190186256,00,1,1,240,1600,3945,0402,679350001,787376,60000,18897,138604,0,0,466869,,1004877,S,800,000000,,,,,,,019,1,,009,,,,,,,,,,JOCAMPOS,,14,,200,15748,,,,,76116,22ý01,
0,040190201100000000,0019997505,20571,20624,20989,,0190184402,00,1,1,-200,1600,4315,0401,625925001,837095,60000,-16742,140856,0,0,536878,,1021209,C,1000,000000,,,,,,,019,1,,009,,,,,,,,,,JOCAMPOS,,14,,200,16742,,,,,44680,14ý01,
0,048200009700000000,0005641351,20011,20086,20451,, ,00,1,1,-300,1600,1519.9936,0402,470000000,485194,55000,-14556,84102,0,0,86968,,609740,C,0,,,,203,297989,,,820,1,,,,,,,,,,,,WSDSACHPEREZ,,03,,300,14556,,,,ALA_P-104219,55068,,
0,040550113300000000,0020999902,19688,19699,20064,,0550102971,00,1,1,-200,1600,3830,0401,624400001,419987,52000,-8400,74174,0,0,234758,,537761,TC,1000,000000,,,,,,,055,1,,009,,,,,,,,,,MBOTELLO,,14,,200,8400,,,,,36545,11ý03,
0,040190201200000000,0019366930,20575,20635,21000,,0190184653,00,1,1,0,1600,,0402,2280357281,1502532,60000,0,250005,0,0,0,,1812537,C,800,000000,,,203,246066,,,019,1,,009,,,,,,,,,,MFVILLEGAS,,03,,300,,,,,,42803,13ý02,
0,047250018700101842,0026299025,20679,20679,20696,,,00,1,1,-300,1600,4000,0402,687700001,377,,-11,59,0,0,252,,425,C,0,000000,,,201,,,,725,1,,009,,,,,,,,,,ARROCHA,,3,,300,11,,,,,72750,,
0,048200009800000000,0025341072,20043,20114,20479,8200011038,8200008632,00,1,1,-300,1600,961.8843,0401,937800000,539605,55000,-16188,92547,0,0,51808,,670964,C,0,,,,,,,,820,1,,,,,,,,,,,,WSDSACHPEREZ,,03,,300,16188,,,,ALA_P-104220,95110,30ý21,
0,040971089500222414,0026969963,20115,20101,20466,,,00,2,1,200,1600,4000,0401,-918700000,-683029,-55000,13661,-115899,,,-420152,,-840267,C,1000ý200,000000,,S,203,,,,097,1,,,,,,0,,,,,,VPADILLA2-AUT,,14,,200,13661,,,,,47185,14ý08,
0,040190173100145840,0022844386,20289,20316,20377,,,00,1,1,640,1600,3500,0401,619051551,111232,0,7118,18936,,,,,137286,M,1000,242640,,,201,,,,019,1,,009,,,,0,,,,,,ENEVILLE2-AUT,,0,,200,13348,,,,,45645,14ý01,
0,040190201300000000,0029899722,20579,20579,20944,,,00,1,1,240,1600,4000,0401,1134700000,640076,60000,15362,114470,0,0,382709,,829908,S,1000ý200,,,,,,,,019,1,,,,,,,,,,,,WSDS11251ý21690ýPRINCIPAL,,14,,200,12802,,,,,04200,09ý04,
0,048200009900000000,0023720047,20073,20145,20510,,8200008476,00,1,1,-300,1600,4423.1985,0401,965300000,634456,55000,-19034,107268,0,0,392797,,777690,C,0,,,,203,207988,,,820,1,,,,,,,,,,,,WSDSACHPEREZ,,03,,300,19034,,,,ALA_P-104220,68300,20ý02,
0,040550113500000000,0019876582,19695,19715,20080,0550123163,0550102820,00,1,1,480,1600,0,0402,717000000,1313859,52000,63065,228628,0,0,0,,1657552,T,800,,,,,,,,055,1,,,,,,,,,,,,WSDS11251ý21690ýPRINCIPAL,,14,,200,26277,,,,,36559,11ý03,
0,040640562200186914,0017809310,19976,19972,20180,,,00,1,1,0,1600,7731,0401,652886001,353403,15000,0,58944,0,0,1139079,,427347,M,0,000000,,,201,,,,064,1,,009,,,,,,,,,,IALMEIDA,,30,,0,0,,,,,64640,19ý01,
0,048200010000000000,0019086339,20098,20100,20283,,8200009245,00,1,1,0,1600,,0401,753722081,249783,55000,0,48765,0,0,0,,353548,C,0,000000,,,,,,,820,1,,009,,,,,,,,,,JLDURAN,,03,,0,0,,,,,91779,30ý01,
0,040190201500000000,0027502921,20588,20590,20955,,0190185389,00,1,1,-200,1600,5300,0402,662700001,1664210,60000,-33284,270548,0,0,1783289,,1961474,C,880,000000,,,,,,,019,1,,009,,,,,,,,,,ICANTOR,,14,,200,33284,,,,,11590,09ý02,
0,048200010100000000,0021334417,20114,20114,20297,8200010455,,00,1,1,-300,1600,1000,0402,722000001,505058,55000,-15152,87185,0,0,49299,,632091,C,0,000000,,,,,,230191200,820,1,,009,,,,,,,,,,JLDURAN,,3,,300,15152,,,,,95150,,
0,040190201600000000,0025811241,20588,20588,20953,,,00,1,1,480,1600,4500,0402,817700001,3081043,60000,197187,534117,0,0,2438789,,3872347,T,800,000000,,,302ý301,271192ý129547,,241034672,019,1,,009,,,,,,,,,,SHINOJOSA2,,14,,200,61621,,,,,06600,09ý01,
0,048920074900217700,0021952730,19910,19956,20229,,,00,2,1,-480,1600,796,0402,-892500001,-5834646,0,-280062,-978354,,,0,,-7093062,C,800ý200,000000,,S,203,,,,892,1,,009,,,,0,,,,,,AAPADILLA2-AUT,,14,,200,155591,S,,,,45598,14ý01,
0,048200010200000000,0026408406,20143,20144,20509,8200011175,,00,1,1,-300,1600,1700,0402,639900001,549255,55000,-16478,94044,0,0,96788,,681821,C,0,000000,,,,,,231828067,820,1,,009,,,,,,,,,,AVILLALOBOS,,3,,300,16478,,,,,95100,30ý21,
0,040190201700000000,0029953799,20589,20589,20954,,,00,1,1,-200,1600,3500,0401,1009500000,991434,60000,-19829,165057,0,0,453683,,1196662,C,1000ý200,,,,203,271092,,,019,1,,,,,,,,,,,,WSDS11251ý21690ýPRINCIPAL,,14,,200,19829,,,,,02200,09ý10,
0,048200010300000000,0022631608,20171,20171,20537,,,00,1,1,-300,1600,3000,0402,711900001,1494383,55000,-44831,240728,0,0,617759,,1745280,C,0,000000,,,,,,,820,1,,009,,,,,,,,,,AVILLALOBOS,,3,,300,44831,,,,,95120,30ý21,
0,040190201800000000,0015543133,20592,20594,20959,,0190185595,00,1,1,480,1600,5300,0402,674400001,2671413,60000,128228,457543,0,0,2919073,,3317184,T,880,000000,,,,,,240988955ý241321557ý241396557,019,1,,009,,,,,,,,,,ICANTOR,,14,,200,53428,,,,,11520,09ý02,
0,048200010400000000,0013435562,20212,20212,20395,8200011002,8200009732,00,1,1,0,1600,,0401,828980001,149045,55000,0,32647,0,0,0,,236692,C,0,000000,,,,,,,820,1,,009,,,,,,,,,,AVILLALOBOS,,03,,0,0,,,,,95190,30ý21,
0,040790176600143014,0025904908,20008,19988,20169,,,00,1,1,840,0800,6015,0402,1898076481,385536,32388,32382,36024,,,,,486330,M,800,287391,,,201,,,,079,1,,009,,,,0,,,,,,BLVAZQUEZ-AUT,,0,,200,,,,,,32674,,
0,044054955500128969,0026615993,20452,20244,20274,,,00,1,1,680,1600,4700,0401,1287350000,56448,5413,3838,10512,,,46156,,76211,MN,1000,254766,,,201,,,,075,1,,,,,,0,,,,,,SEGONZALEZ-AUT,,0,,0,0,,,,,25180,05ý03,
0,040190201900000000,0024578094,20595,20608,20973,, ,00,1,1,-200,1600,,0406,607080001,330701,60000,-6614,61454,0,0,0,,445541,C,1000,000000,,,203,232557,,,019,1,,009,,,,,,,,,,SBELTRAN,,14,,200,6614,,,,,62766,17ý21,
0,048200010500000000,0026200257,20249,20249,20615,,,00,1,1,380,1600,,0402,722000001,1298284,55000,49335,224419,0,0,0,,1627038,T,0,000000,,,203,269805,,,820,1,,009,,,,,,,,,,AVILLALOBOS,,3,,300,38949,,,,,95100,,
0,045470186800287544,0024936630,20131,20038,20769,,,00,2,1,0,1600,0,0401,-1005380000,-1672822,0,0,-267651,,,0,,-1940473,C,500,000000,004051,S,203,,,,547,1,,,,,,0,,,,,,CANCELA-AUT,,30,,,0,,,,,HI103,03ý02,
0,040190202000000000,0024080800,20597,20629,20994,,0190185683,00,1,1,-300,1600,,0406,615300001,1023173,60000,-30695,168396,0,0,0,,1220874,C,1000,000000,,,,,,,019,1,,009,,,,,,,,,,MEDUFLORES,,07,,300,30695,,,,,14420,09ý08,
0,048200010600000000,0025861127,20283,20283,20466,8200011067,,00,1,1,-300,1600,,0402,722000001,719347,55000,-21580,120443,0,0,0,,873210,C,0,000000,,,,,,,820,1,,009,,,,,,,,,,AVILLALOBOS,,3,,300,21580,,,,,95180,,
0,040004735300260497,0029807156,20600,20569,20934,,,00,2,1,-640,1600,4500,0401,-828100000,-374101,-70000,-23942,-74887,,,-262719,,-542930,C,1100,000000,,S,203,,,,008,1,,,,,,0,,,,,,CANCELA-AUT,,14,,200,7482,,,,,99034,32ý01,
0,040190202100000000,0030049761,20602,20602,20967,,,00,1,1,-200,1600,4000,0401,1225300000,758070,60000,-15161,128465,0,0,470046,,931374,C,1100ý200,,,,,,,,019,1,,,,,,,,,,,,WSDSWEB,,14,,200,15161,,,,,11520,09ý02,
0,048200010700000000,0028152053,20305,20305,20671,,,00,1,1,0,1600,,0401,828980001,375426,55000,0,68868,0,0,0,,499294,C,0,000000,,,,,,,820,1,,009,,,,,,,,,,AVILLALOBOS,,03,,0,0,,,,,95160,30ý21,
0,040550114300000000,0023290862,19717,19717,20082,0550123364,0550103915,00,1,1,-200,1600,2500,0401,663300001,633787,52000,-12676,107698,0,0,197329,,780809,MD,1000,000000,,,203ý201,229353ý107749,,,055,1,,009,,,,,,,,,,DSOLIS,,14,,200,12676,,,,,36584,11ý03,
0,042030233400193421,0027463709,20512,20491,20765,,,00,1,1,480,1600,4000,0401,847900000,462369,0,22194,77529,,,286185,,562092,T,1100,285088,,,201,,,,203,1,,,,,,0,,,,,,WCARRILLO-AUT,,0,,200,12330,,,,,09360,09ý07,
0,040190202200000000,0014862410,20604,20655,21020,,0190185942,00,1,1,0,1600,,0401,1279421801,2006626,60000,0,330660,0,0,0,,2397286,C,1000,000000,,,,,,,019,1,,009,,,,,,,,,,SHINOJOSA2,,03,,0,0,,,,,42820,13ý02,
0,048200010800000000,0017353825,20343,20343,20709,8200012005,8200009477,00,1,1,0,1600,,0401,828980001,299907,55000,0,56785,0,0,0,,411692,C,0,000000,,,,,,,820,1,,009,,,,,,,,,,AVILLALOBOS,,03,,0,0,,,,,95100,30ý21,
0,040190202300000000,0030091172,20606,20606,20971,,,00,1,1,-200,1600,4000,0401,1263000000,857457,60000,-17149,144049,0,0,536304,,1044357,C,1100ý200,,,,,,,,019,1,,,,,,,,,,,,WSDSWEB,,14,,200,17149,,,,,72470,21ý01,
0,040190202400000000,0030112817,20610,20610,20975,,,00,1,1,-200,1600,5300,0401,923800000,954709,60000,-19094,159298,0,0,1002148,,1154913,C,1100,,,,,,,,019,1,,,,,,,,,,,,WSDS11251ý21690ýPRINCIPAL,,14,,200,19094,,,,,07090,09ý06,
0,048200010900000000,0028526570,20373,20374,20740,8200011964,,00,1,1,-300,1600,3500,0401,650400001,384072,55000,-11522,68408,0,0,178299,,495958,C,0,000000,,,,,,,820,1,,009,,,,,,,,,,AVILLALOBOS,,3,,300,11522,,,,,95300,30ý21,
0,048200011000000000,0013673610,20399,20400,20583,8200011654,8200010411,00,1,1,0,1600,,0401,828980001,195113,55000,0,40018,0,0,0,,290131,C,0,000000,,,,,,,820,1,,009,,,,,,,,,,AVILLALOBOS,,03,,0,0,,,,,95110,30ý21,
0,040600249800284273,0024250015,20229,20207,20298,,,00,2,1,-380,0800,4500,0401,-653800001,-134596,0,-5115,-11177,,,0,,-150888,C,0,000000,,S,203,,,,060,1,,009,,,,0,,,,,,CANCELA-AUT,,3,,300,16152,,,,,21255,02ý01,
0,040640576900248509,0024507894,20143,20123,20304,,,00,2,1,-480,1600,6000,0401,-537000001,-136558,0,-6556,-22898,,,0,,-166012,T,0,000000,,S,203,,,,064,1,,009,,,,,,,,,,MOVILLASENOR,,14,,200,5462,,,,,66062,19ý02,
0,040190202500000000,0013311310,20611,20648,21013,,0190187987,00,1,1,-200,1600,5500,0401,638420001,580464,60000,-11609,100617,0,0,628775,,729472,C,1000,000000,,,,,,,019,1,,009,,,,,,,,,,EJERONIMO,,14,,200,11609,,,,,02650,09ý10,
0,040190202600000000,0001767334,20613,20657,21022,,0190186140,00,1,1,-200,1600,,0402,778847201,2891481,60000,-57830,462984,0,0,0,,3356635,C,800,000000,,,,,,,019,1,,009,,,,,,,,,,SBELTRAN,,14,,200,57830,,,,,09500,,
0,048200011100000000,0019154579,20417,20419,20602,8200011725,8200010469,00,1,1,0,1600,,0401,836180001,358477,55000,0,66156,0,0,0,,479633,C,0,000000,,,,,,231731393,820,1,,009,,,,,,,,,,AVILLALOBOS,,03,,0,0,,,,,95150,30ý21,
0,042010110300226202,0030143684,20636,20612,20977,,,00,2,1,-380,1600,3000,0402,-1032000000,-740390,-60000,-28135,-132564,,,-269905,,-961089,C,800,000000,,S,203,,,,201,1,,,,,,0,,,,,,CANCELA-AUT,,07,,300,22212,,,,,40894,12ý02,
0,047470069900284095,0016811996,20495,20454,20820,,,00,2,1,-240,1600,4821,0402,-940700000,-742197,-55000,-17813,-130402,,,-629287,,-945412,C,800ý200,000000,,S,203,,,,747,1,,,,,,0,,,,,,CANCELA-AUT,,14,,200,14844,,,,,07730,09ý06,
0,042330040200121858,0022707915,20353,20324,20629,,,00,1,1,640,1600,4737,0402,7084940829,25753560,0,1648230,4384290,,,,,31786080,M,880,274627,,,201,,,,233,1,,009,,,,0,,,,,,JOSMASORIA-AUT,,0,,200,618085,,,,,54080,15ý04,
0,045460067900242429,0027183521,20165,20137,20502,,,00,2,1,0,1600,3500,0401,-1306235000,-496388,-67000,0,-90142,,,-235517,,-653530,C,500,000000,,S,203,,,,546,1,,,,,,0,,,,,,MLNAVA-AUT,,30,,0,0,,,,,54948,15ý03,
0,040190202700000000,0024247170,20617,20620,20985,,,00,1,1,240,1600,3500,0401,640900001,983858,60000,23613,170795,0,0,501231,,1238266,S,100,000000,,,101,378690,,,019,1,,009,,,,,,,,,,ICANTOR,,14,,200,19677,,,,,58760,16ý22,
0,048200011200000000,0013531175,20444,20445,20628,8200011829,,00,1,1,0,1600,,0401,828980001,195113,55000,0,40018,0,0,0,,290131,C,0,000000,,,,,,,820,1,,009,,,,,,,,,,RBARBIS,,03,,0,0,,,,,95110,30ý21,
0,048200011300000000,0020964554,20469,20521,20886,,8200010233,00,1,1,-300,1600,980.5442,0402,726000000,1463053,55000,-43892,235866,0,0,132702,,1710027,C,0,,,,203,257831,,,820,1,,,,,,,,,,,,WSDSACHPEREZ,,03,,300,43892,,,,ALA_P-104219,95100,,
0,044054723100239538,0020734175,20158,20116,20236,,4054289279,00,2,1,0,1600,2000,0401,-1263180000,-202824,-12668,0,-34480,0,0,-43652,,-249972,MV,900,000000,,,203,368002ý376308,,,090,1,,,,,,,,,,,,PRINCIPAL-OPL,,30,,0,0,,,,,25290,01ý01,
0,044125154200227595,0023929500,20264,20173,21269,,,00,2,1,0,1600,,0401,-436746001,-4676601,-48000,0,-755937,,,0,,-5480538,C,300,000000,004051,S,203,,,,273,1,,009,,,,0,,,,,,CANCELA-AUT,,30,,,0,,,,,82103,25ý02,
